-- MySQL dump 10.13  Distrib 8.0.26, for Win64 (x86_64)
--
-- Host: localhost    Database: hospital_db
-- ------------------------------------------------------
-- Server version	8.0.26

/*!40101 SET @OLD_CHARACTER_SET_CLIENT=@@CHARACTER_SET_CLIENT */;
/*!40101 SET @OLD_CHARACTER_SET_RESULTS=@@CHARACTER_SET_RESULTS */;
/*!40101 SET @OLD_COLLATION_CONNECTION=@@COLLATION_CONNECTION */;
/*!50503 SET NAMES utf8 */;
/*!40103 SET @OLD_TIME_ZONE=@@TIME_ZONE */;
/*!40103 SET TIME_ZONE='+00:00' */;
/*!40014 SET @OLD_UNIQUE_CHECKS=@@UNIQUE_CHECKS, UNIQUE_CHECKS=0 */;
/*!40014 SET @OLD_FOREIGN_KEY_CHECKS=@@FOREIGN_KEY_CHECKS, FOREIGN_KEY_CHECKS=0 */;
/*!40101 SET @OLD_SQL_MODE=@@SQL_MODE, SQL_MODE='NO_AUTO_VALUE_ON_ZERO' */;
/*!40111 SET @OLD_SQL_NOTES=@@SQL_NOTES, SQL_NOTES=0 */;

--
-- Table structure for table `admissions_table`
--

DROP TABLE IF EXISTS `admissions_table`;
/*!40101 SET @saved_cs_client     = @@character_set_client */;
/*!50503 SET character_set_client = utf8mb4 */;
CREATE TABLE `admissions_table` (
  `reg_no` int NOT NULL,
  `pps_no` int NOT NULL,
  `licence_no` int NOT NULL,
  `ward_id` int NOT NULL,
  `admission_date` date NOT NULL,
  `discharge_date` date NOT NULL,
  PRIMARY KEY (`reg_no`),
  KEY `licence_no_idx` (`licence_no`),
  KEY `pps_no_idx` (`pps_no`),
  KEY `ward_id_idx` (`ward_id`),
  KEY `admission_date` (`admission_date`),
  CONSTRAINT `licence_no` FOREIGN KEY (`licence_no`) REFERENCES `doctors_table` (`licence_no`) ON DELETE RESTRICT ON UPDATE RESTRICT,
  CONSTRAINT `pps_no` FOREIGN KEY (`pps_no`) REFERENCES `patients_table` (`pps_no`) ON DELETE RESTRICT ON UPDATE RESTRICT,
  CONSTRAINT `ward_id` FOREIGN KEY (`ward_id`) REFERENCES `ward_table` (`ward_id`) ON DELETE RESTRICT ON UPDATE RESTRICT
) ENGINE=InnoDB DEFAULT CHARSET=utf8mb4 COLLATE=utf8mb4_0900_ai_ci;
/*!40101 SET character_set_client = @saved_cs_client */;

--
-- Dumping data for table `admissions_table`
--

LOCK TABLES `admissions_table` WRITE;
/*!40000 ALTER TABLE `admissions_table` DISABLE KEYS */;
INSERT INTO `admissions_table` VALUES (1000490,54551353,19,2,'2021-08-25','2021-08-29'),(1056280,27176775,14,2,'2007-05-01','2007-05-05'),(1057439,52155100,6,2,'2013-03-05','2013-03-08'),(1057767,27261625,19,2,'2002-05-26','2002-05-30'),(1111060,60920499,8,1,'2008-09-13','2008-09-15'),(1116928,66413345,5,2,'2014-07-27','2014-07-31'),(1123732,50549457,5,2,'2008-02-07','2008-02-10'),(1159497,74273910,14,1,'2002-06-24','2002-06-26'),(1160279,30242479,12,2,'2020-10-19','2020-10-22'),(1170272,53689401,13,1,'2003-04-06','2003-04-08'),(1181799,92683413,7,2,'2012-09-08','2012-09-12'),(1196719,51887725,5,2,'2016-08-11','2016-08-15'),(1198680,98626068,20,1,'2002-08-11','2002-08-13'),(1238252,39445268,16,1,'2012-01-27','2012-01-29'),(1241695,71749402,8,2,'2021-05-13','2021-05-16'),(1270832,92560406,4,2,'2016-06-26','2016-06-29'),(1276569,70359404,19,1,'2008-06-22','2008-06-24'),(1309260,22300625,3,2,'2003-06-08','2003-06-12'),(1311183,50608854,9,2,'2007-12-13','2007-12-17'),(1390841,41474447,10,2,'2003-12-07','2003-12-10'),(1393998,90170724,2,2,'2015-10-11','2015-10-14'),(1433889,81500514,1,2,'2021-01-28','2021-02-01'),(1434156,60091982,4,1,'2011-10-06','2011-10-08'),(1457885,95864052,13,2,'2010-01-17','2010-01-21'),(1461316,47722619,9,1,'2013-08-13','2013-08-15'),(1476772,36066647,9,2,'2008-01-24','2008-01-28'),(1485040,54817598,18,2,'2015-10-15','2015-10-18'),(1486392,17327320,11,1,'2010-09-19','2010-09-21'),(1493786,19195603,1,1,'2008-03-11','2008-03-13'),(1501761,53610951,8,2,'2010-05-13','2010-05-16'),(1513460,19562963,11,2,'2012-07-16','2012-07-19'),(1568508,80982653,9,1,'2017-04-04','2017-04-06'),(1578287,30549668,8,1,'2008-05-19','2008-05-21'),(1589188,43195139,19,2,'2006-05-26','2006-05-30'),(1597022,85542666,20,2,'2004-06-28','2004-07-02'),(1603063,38905739,15,1,'2010-11-11','2010-11-13'),(1603774,84228137,15,1,'2010-02-07','2010-02-09'),(1604032,41608479,4,2,'2018-11-14','2018-11-17'),(1627199,60920499,7,2,'2014-11-22','2014-11-25'),(1632805,85232496,18,1,'2006-08-25','2006-08-27'),(1647655,66413345,18,1,'2010-05-03','2010-05-05'),(1658656,68214838,19,2,'2002-10-04','2002-10-07'),(1662499,52603473,10,1,'2005-09-27','2005-09-29'),(1681683,50484141,6,2,'2019-10-31','2019-11-04'),(1688742,59557358,4,2,'2017-02-07','2017-02-11'),(1695907,50530338,7,2,'2021-01-10','2021-01-14'),(1708077,45205297,16,2,'2002-12-16','2002-12-20'),(1708124,49069563,14,2,'2003-03-09','2003-03-13'),(1759103,65342095,17,1,'2015-08-03','2015-08-05'),(1770764,62323918,7,2,'2015-09-05','2015-09-09'),(1787617,36692297,1,2,'2002-05-19','2002-05-22'),(1826544,47774328,20,1,'2009-02-22','2009-02-24'),(1831693,83878386,19,1,'2013-10-28','2013-10-30'),(1843238,88534789,10,1,'2004-05-03','2004-05-05'),(1848478,61191031,4,2,'2014-09-14','2014-09-18'),(1857698,44712733,18,2,'2003-01-18','2003-01-21'),(1863362,81459628,3,1,'2013-11-25','2013-11-27'),(1876658,53588336,10,2,'2020-03-07','2020-03-11'),(1920175,28298870,15,2,'2010-08-28','2010-08-31'),(1932740,78504419,15,2,'2004-12-13','2004-12-16'),(1949398,53379456,7,1,'2006-07-11','2006-07-13'),(1963367,53529662,8,2,'2019-06-30','2019-07-03'),(1966023,36704089,2,2,'2005-07-29','2005-08-01'),(1991799,56974969,20,2,'2021-08-12','2021-08-16'),(2017488,14508468,3,1,'2016-09-30','2016-10-02'),(2053429,38241291,20,2,'2006-09-22','2006-09-26'),(2062438,58701907,13,2,'2006-01-02','2006-01-06'),(2076552,17469308,18,1,'2021-05-25','2021-05-27'),(2135807,58613631,6,2,'2002-08-12','2002-08-16'),(2137297,19562963,18,1,'2003-01-01','2003-01-03'),(2165062,50530338,7,2,'2019-10-01','2019-10-05'),(2219254,71291476,2,2,'2020-10-23','2020-10-26'),(2221957,78954633,11,2,'2008-06-06','2008-06-09'),(2282763,21775356,9,1,'2015-11-11','2015-11-13'),(2338719,24782341,4,2,'2004-07-24','2004-07-28'),(2339167,59902220,20,2,'2021-02-17','2021-02-20'),(2342921,11188737,1,2,'2020-01-01','2020-01-05'),(2346884,69017412,5,1,'2011-10-02','2011-10-04'),(2386478,93843892,18,1,'2005-09-12','2005-09-14'),(2407971,65519443,5,2,'2016-07-06','2016-07-09'),(2433560,69738305,19,2,'2005-11-02','2005-11-05'),(2452197,60596662,13,2,'2016-07-26','2016-07-29'),(2488418,44353086,4,2,'2008-04-24','2008-04-27'),(2516753,95864052,2,2,'2018-06-09','2018-06-13'),(2517320,20309840,12,2,'2006-05-30','2006-06-03'),(2547849,31830811,5,2,'2005-08-15','2005-08-18'),(2562247,98217261,9,1,'2003-05-05','2003-05-07'),(2605270,96346830,16,2,'2019-06-19','2019-06-22'),(2643764,57438956,12,1,'2003-10-04','2003-10-06'),(2682267,38213502,9,2,'2006-11-20','2006-11-24'),(2733522,46828996,11,2,'2014-04-24','2014-04-28'),(2763700,20689868,3,2,'2003-01-04','2003-01-07'),(2783821,42631779,19,2,'2015-12-11','2015-12-15'),(2820110,20765098,4,1,'2011-05-28','2011-05-30'),(2855581,61152503,18,1,'2010-11-26','2010-11-28'),(2881225,89162081,1,2,'2008-03-03','2008-03-06'),(2912745,36692297,16,2,'2005-01-24','2005-01-27'),(2914118,68214838,11,2,'2017-03-16','2017-03-19'),(2922665,78907293,11,2,'2018-04-02','2018-04-05'),(2931997,92560406,1,2,'2017-06-18','2017-06-22'),(2937292,98314971,20,1,'2018-07-25','2018-07-27'),(2970150,81192549,12,1,'2003-06-19','2003-06-21'),(2976986,41474447,2,2,'2006-04-27','2006-05-01'),(2980104,28410322,18,2,'2020-01-12','2020-01-15'),(2989192,92880925,4,2,'2012-11-09','2012-11-12'),(3001293,25677997,7,2,'2018-02-05','2018-02-09'),(3007026,79989176,18,1,'2009-08-30','2009-09-01'),(3011133,72262956,9,2,'2004-08-05','2004-08-08'),(3013599,52411459,16,2,'2018-09-18','2018-09-21'),(3017828,32907815,11,2,'2008-12-20','2008-12-23'),(3024502,57796057,4,2,'2020-12-06','2020-12-09'),(3027625,71506710,12,2,'2019-01-23','2019-01-27'),(3044214,42317374,2,1,'2006-10-21','2006-10-23'),(3060406,91057559,19,2,'2020-09-20','2020-09-24'),(3068566,53975470,16,2,'2003-12-30','2004-01-03'),(3079707,37861166,4,2,'2016-02-21','2016-02-25'),(3120272,68065525,1,2,'2011-12-21','2011-12-24'),(3161946,97468956,8,2,'2007-11-09','2007-11-12'),(3218959,94919040,8,2,'2015-06-09','2015-06-13'),(3225073,51713443,11,2,'2002-09-07','2002-09-10'),(3226667,49021562,5,2,'2015-08-25','2015-08-29'),(3230218,67778976,6,2,'2020-07-31','2020-08-03'),(3233346,48397771,17,2,'2011-01-18','2011-01-22'),(3271554,76772184,8,1,'2019-06-26','2019-06-28'),(3286664,88162539,5,1,'2008-07-08','2008-07-10'),(3308971,71608242,8,2,'2004-01-06','2004-01-09'),(3320301,20099706,19,1,'2011-05-05','2011-05-07'),(3346193,37072415,3,2,'2010-04-20','2010-04-24'),(3350432,67814816,2,2,'2015-04-27','2015-05-01'),(3377173,66413345,4,2,'2004-06-08','2004-06-12'),(3380714,29919314,14,1,'2009-08-12','2009-08-14'),(3419649,50504175,6,2,'2020-02-21','2020-02-25'),(3429586,69044467,10,1,'2013-11-22','2013-11-24'),(3465575,69538579,2,1,'2007-11-09','2007-11-11'),(3485319,91934590,2,1,'2003-08-04','2003-08-06'),(3492569,42240747,1,1,'2017-02-11','2017-02-13'),(3523643,70908155,19,1,'2020-07-28','2020-07-30'),(3585795,51168360,11,2,'2013-09-07','2013-09-11'),(3623252,40116912,16,2,'2004-05-08','2004-05-11'),(3631245,20099706,5,1,'2017-09-14','2017-09-16'),(3651186,69740506,2,2,'2009-02-03','2009-02-07'),(3678247,39445268,14,2,'2018-09-05','2018-09-08'),(3680657,92385686,6,2,'2007-07-30','2007-08-03'),(3688904,74590996,7,2,'2016-12-16','2016-12-19'),(3689547,11188040,3,2,'2008-03-22','2008-03-26'),(3708115,19562963,16,1,'2019-07-25','2019-07-27'),(3708943,54908152,9,1,'2021-09-26','2021-09-28'),(3720563,27176775,12,2,'2014-11-19','2014-11-23'),(3726286,60863387,4,2,'2010-09-11','2010-09-15'),(3740536,78021731,13,2,'2003-05-28','2003-06-01'),(3781398,12864087,9,2,'2002-08-29','2002-09-01'),(3813058,39970099,10,1,'2020-07-24','2020-07-26'),(3819723,45073290,20,2,'2002-09-29','2002-10-02'),(3826029,48725384,11,2,'2019-01-17','2019-01-21'),(3834985,64024949,6,2,'2021-09-20','2021-09-24'),(3842867,26799743,6,1,'2003-04-12','2003-04-14'),(3866635,65098635,1,2,'2004-10-30','2004-11-02'),(3902947,80982653,4,1,'2006-04-13','2006-04-15'),(3919093,45711025,11,1,'2012-01-07','2012-01-09'),(3935318,54111116,15,1,'2016-12-07','2016-12-09'),(3956847,71749402,6,2,'2015-04-14','2015-04-17'),(3972047,93168256,16,1,'2019-02-19','2019-02-21'),(3973547,79764527,7,2,'2019-08-27','2019-08-30'),(3992313,60596662,2,2,'2002-10-07','2002-10-10'),(4007280,72787748,13,1,'2003-09-02','2003-09-04'),(4018671,65800716,10,1,'2020-04-04','2020-04-06'),(4019838,15232979,2,1,'2009-02-15','2009-02-17'),(4029587,56684579,20,2,'2007-09-06','2007-09-10'),(4037550,41672868,11,1,'2005-07-24','2005-07-26'),(4041004,47613803,18,1,'2018-06-24','2018-06-26'),(4042702,20119306,13,1,'2014-12-18','2014-12-20'),(4057380,97446449,19,2,'2014-10-25','2014-10-29'),(4060049,30967979,19,2,'2005-05-20','2005-05-24'),(4074100,27142369,10,2,'2018-08-11','2018-08-14'),(4081445,57726662,18,1,'2006-06-12','2006-06-14'),(4091253,56606925,11,2,'2011-12-17','2011-12-21'),(4103587,57023829,12,2,'2010-03-22','2010-03-25'),(4105507,93150705,1,2,'2005-03-18','2005-03-21'),(4106658,50608854,7,2,'2015-11-22','2015-11-26'),(4120206,41208515,10,1,'2004-11-11','2004-11-13'),(4129225,15886130,11,1,'2015-09-28','2015-09-30'),(4176304,54594845,17,1,'2014-09-16','2014-09-18'),(4203494,10110314,17,1,'2009-05-27','2009-05-29'),(4207452,44080115,2,2,'2012-07-13','2012-07-16'),(4225328,36839144,7,1,'2021-09-30','2021-10-02'),(4256185,23136085,2,1,'2017-10-25','2017-10-27'),(4259065,33005027,16,2,'2011-01-29','2011-02-01'),(4283912,90534989,10,2,'2004-09-02','2004-09-06'),(4285486,29570947,4,2,'2009-12-29','2010-01-01'),(4289404,44206366,15,2,'2004-02-19','2004-02-22'),(4301237,27991370,6,2,'2008-02-22','2008-02-25'),(4310198,68986729,12,2,'2016-12-11','2016-12-15'),(4333389,19527660,9,1,'2010-06-07','2010-06-09'),(4333446,43124124,18,2,'2010-05-27','2010-05-30'),(4389804,63493999,13,2,'2013-03-29','2013-04-01'),(4406631,35775169,13,2,'2019-03-30','2019-04-03'),(4419851,84663997,10,2,'2014-10-03','2014-10-06'),(4427317,42939997,14,2,'2012-12-12','2012-12-15'),(4490463,33781519,9,2,'2004-05-02','2004-05-05'),(4547606,66327365,11,2,'2004-02-09','2004-02-12'),(4567395,99282465,7,2,'2002-09-18','2002-09-21'),(4620237,86681964,4,2,'2019-02-17','2019-02-21'),(4629880,27142369,17,2,'2012-06-26','2012-06-30'),(4653808,37103234,16,1,'2005-09-13','2005-09-15'),(4690702,95864052,4,2,'2019-06-07','2019-06-11'),(4711631,23462728,6,1,'2014-03-30','2014-04-01'),(4717612,30742803,2,2,'2005-06-09','2005-06-12'),(4720581,32907815,4,1,'2007-09-09','2007-09-11'),(4730989,30609481,15,2,'2017-04-30','2017-05-03'),(4738036,50530338,14,2,'2002-09-19','2002-09-23'),(4746069,35118861,13,2,'2021-02-14','2021-02-17'),(4761460,30609481,15,2,'2013-01-22','2013-01-26'),(4782073,91779574,19,2,'2018-12-30','2019-01-03'),(4787076,92560406,19,2,'2007-08-23','2007-08-27'),(4800230,99957330,2,2,'2017-05-27','2017-05-31'),(4847819,70241805,2,2,'2004-03-31','2004-04-04'),(4884306,76952635,8,2,'2019-11-30','2019-12-04'),(4919142,49069563,19,2,'2004-03-03','2004-03-06'),(4919712,98988283,7,1,'2015-07-22','2015-07-24'),(4945369,27991370,17,2,'2010-11-06','2010-11-10'),(4979960,86652504,10,1,'2013-10-05','2013-10-07'),(5042783,50307314,8,2,'2006-04-22','2006-04-25'),(5051464,95142039,20,2,'2012-01-22','2012-01-26'),(5071727,92683413,1,2,'2010-06-29','2010-07-02'),(5084336,74990559,12,1,'2014-04-14','2014-04-16'),(5096966,36265190,1,2,'2013-08-20','2013-08-24'),(5112050,20388856,8,2,'2009-03-08','2009-03-12'),(5121068,49757161,11,2,'2018-08-25','2018-08-28'),(5124410,39964962,15,2,'2016-07-18','2016-07-21'),(5143448,97651190,15,2,'2006-10-29','2006-11-01'),(5146001,89198143,15,2,'2009-08-05','2009-08-08'),(5186379,39970099,7,2,'2008-12-26','2008-12-29'),(5216056,18654235,9,1,'2007-07-24','2007-07-26'),(5228217,66948700,16,2,'2017-06-17','2017-06-20'),(5239012,86652504,11,2,'2016-11-30','2016-12-04'),(5272663,27261625,3,1,'2007-05-29','2007-05-31'),(5285910,40561899,17,2,'2003-05-23','2003-05-26'),(5288288,42051190,8,2,'2015-06-01','2015-06-05'),(5315175,87825115,10,2,'2012-06-26','2012-06-29'),(5343706,54188795,4,2,'2004-12-25','2004-12-28'),(5366769,69351951,14,2,'2017-09-03','2017-09-07'),(5367601,15232979,14,2,'2007-12-25','2007-12-29'),(5382193,92683413,16,2,'2011-07-22','2011-07-26'),(5392822,80815854,16,2,'2003-01-03','2003-01-06'),(5417294,30242479,18,1,'2015-02-12','2015-02-14'),(5422101,48647099,15,2,'2009-06-20','2009-06-23'),(5439828,45444449,16,1,'2020-07-03','2020-07-05'),(5473153,66948700,13,1,'2006-02-25','2006-02-27'),(5496589,36066647,12,1,'2002-08-05','2002-08-07'),(5506425,44712733,15,2,'2008-03-23','2008-03-27'),(5515345,60532855,14,1,'2014-08-10','2014-08-12'),(5527755,68065525,10,2,'2004-12-23','2004-12-26'),(5533448,69640959,14,2,'2015-07-09','2015-07-13'),(5534876,83143724,14,1,'2013-06-07','2013-06-09'),(5554629,69740506,1,2,'2020-02-07','2020-02-11'),(5571345,48545097,9,1,'2010-11-05','2010-11-07'),(5592657,66420348,20,2,'2011-11-15','2011-11-18'),(5604597,44458996,1,1,'2016-07-10','2016-07-12'),(5606786,72932557,15,2,'2010-03-03','2010-03-07'),(5643749,58194203,2,1,'2018-03-27','2018-03-29'),(5674850,21782179,1,2,'2020-06-21','2020-06-25'),(5741778,11345637,13,2,'2015-06-22','2015-06-25'),(5743863,43439653,13,2,'2013-08-22','2013-08-26'),(5758886,16765650,15,2,'2012-12-31','2013-01-03'),(5778389,13207110,15,2,'2013-05-28','2013-06-01'),(5785969,35610149,14,2,'2014-12-22','2014-12-25'),(5793986,21636993,9,2,'2007-02-20','2007-02-24'),(5838423,29340665,3,1,'2019-12-20','2019-12-22'),(5842053,66818984,7,1,'2015-04-29','2015-05-01'),(5866516,66327365,3,2,'2013-07-17','2013-07-20'),(5896424,92362137,9,1,'2009-03-31','2009-04-02'),(5908966,32661886,15,2,'2009-11-19','2009-11-22'),(5911794,68986729,11,2,'2018-06-03','2018-06-06'),(5926881,33253716,20,1,'2008-11-26','2008-11-28'),(5954304,75126655,20,1,'2006-05-23','2006-05-25'),(5992417,95142039,20,2,'2007-05-06','2007-05-09'),(6046693,54949447,9,1,'2009-09-25','2009-09-27'),(6048416,81459628,1,2,'2018-09-08','2018-09-12'),(6091143,98952340,3,2,'2012-01-16','2012-01-19'),(6102910,80982653,16,2,'2016-08-10','2016-08-13'),(6118482,71228761,4,1,'2003-10-20','2003-10-22'),(6146686,99660784,20,2,'2010-06-25','2010-06-28'),(6148186,30451212,6,1,'2008-06-10','2008-06-12'),(6153415,49898633,19,2,'2013-09-16','2013-09-19'),(6168261,45884500,6,2,'2004-03-19','2004-03-23'),(6225517,66801100,7,1,'2009-02-09','2009-02-11'),(6228747,12842242,9,2,'2019-10-19','2019-10-22'),(6270464,70236640,3,2,'2014-08-09','2014-08-13'),(6312702,96903025,14,2,'2010-05-21','2010-05-25'),(6354949,68984384,20,2,'2006-02-28','2006-03-04'),(6373385,91881856,14,2,'2008-02-13','2008-02-17'),(6380025,90300312,20,2,'2002-05-25','2002-05-29'),(6427920,68065525,17,2,'2008-02-09','2008-02-13'),(6433262,19570386,9,2,'2002-05-05','2002-05-08'),(6436997,69047110,15,1,'2021-11-06','2021-11-08'),(6443552,99305340,17,2,'2012-06-08','2012-06-11'),(6474042,49256986,11,2,'2020-06-04','2020-06-07'),(6485151,97638687,16,2,'2020-04-09','2020-04-13'),(6497744,76594752,16,2,'2006-05-23','2006-05-26'),(6534784,24895472,13,1,'2003-12-10','2003-12-12'),(6564647,26077299,9,1,'2013-06-12','2013-06-14'),(6572064,26632828,10,2,'2015-08-24','2015-08-28'),(6599970,84663997,19,1,'2003-11-16','2003-11-18'),(6605587,22333201,4,2,'2012-08-11','2012-08-15'),(6615903,26880466,8,1,'2020-09-14','2020-09-16'),(6618347,37103234,20,1,'2008-08-18','2008-08-20'),(6626204,31188502,9,1,'2013-02-07','2013-02-09'),(6633705,92603717,6,1,'2017-08-16','2017-08-18'),(6650208,33158988,7,1,'2019-07-24','2019-07-26'),(6664966,76542842,17,1,'2008-01-22','2008-01-24'),(6684058,46828996,11,1,'2005-12-09','2005-12-11'),(6700124,84355167,13,2,'2016-04-02','2016-04-05'),(6711249,33870751,9,2,'2012-06-06','2012-06-10'),(6716328,86101806,11,1,'2016-11-12','2016-11-14'),(6724914,62422952,1,2,'2016-05-03','2016-05-06'),(6729114,70555942,4,1,'2006-08-08','2006-08-10'),(6731796,99412018,9,1,'2018-02-12','2018-02-14'),(6774496,62422952,19,2,'2014-07-13','2014-07-16'),(6793078,35975886,13,2,'2012-05-13','2012-05-17'),(6804814,98054802,6,2,'2003-06-28','2003-07-01'),(6805429,43832446,14,2,'2019-03-22','2019-03-25'),(6806661,29461712,16,2,'2009-06-14','2009-06-17'),(6809798,84974534,8,2,'2006-08-22','2006-08-25'),(6825581,49757161,10,1,'2006-09-16','2006-09-18'),(6835658,68920865,12,2,'2020-11-29','2020-12-03'),(6844637,79946726,12,2,'2019-06-05','2019-06-08'),(6852310,35975886,8,1,'2010-03-20','2010-03-22'),(6881449,69935038,18,2,'2019-08-17','2019-08-21'),(6902054,12072474,1,2,'2004-08-04','2004-08-07'),(6908924,76542842,5,1,'2008-10-25','2008-10-27'),(6920547,48725384,3,1,'2015-02-28','2015-03-02'),(6942681,27261625,13,1,'2012-06-28','2012-06-30'),(6942797,77621115,7,1,'2005-12-30','2006-01-01'),(6946506,99305340,7,1,'2014-10-11','2014-10-13'),(6974482,72293934,20,2,'2012-02-09','2012-02-13'),(6976139,17551823,2,2,'2016-12-28','2016-12-31'),(7000019,77941540,10,2,'2013-01-06','2013-01-10'),(7015384,32215256,8,2,'2013-10-13','2013-10-16'),(7065036,66231535,20,1,'2019-11-10','2019-11-12'),(7074043,82987660,10,2,'2010-03-17','2010-03-20'),(7077195,62323918,14,2,'2012-02-14','2012-02-17'),(7077314,70923248,14,2,'2010-12-09','2010-12-12'),(7114615,82162419,17,1,'2020-09-17','2020-09-19'),(7119793,97479539,7,2,'2016-11-23','2016-11-26'),(7150431,23692530,1,1,'2006-06-05','2006-06-07'),(7229151,19659712,7,2,'2004-08-22','2004-08-25'),(7241953,22333201,15,2,'2012-03-09','2012-03-12'),(7249706,83331478,1,2,'2007-05-31','2007-06-03'),(7251742,81668358,19,2,'2012-04-09','2012-04-13'),(7259893,98314971,6,2,'2021-03-25','2021-03-28'),(7284695,67724574,9,2,'2021-01-14','2021-01-18'),(7292419,90783592,8,2,'2013-01-04','2013-01-07'),(7312158,14277961,2,1,'2002-01-25','2002-01-27'),(7316117,16898693,4,2,'2013-12-21','2013-12-24'),(7321626,35955040,17,2,'2011-01-15','2011-01-19'),(7330440,11938665,2,1,'2003-06-04','2003-06-06'),(7334393,56684579,4,2,'2016-01-19','2016-01-23'),(7335162,20309840,8,1,'2012-09-11','2012-09-13'),(7339469,16680856,8,1,'2013-06-14','2013-06-16'),(7351246,49898633,14,2,'2021-10-26','2021-10-29'),(7361479,66751750,17,2,'2006-06-03','2006-06-06'),(7367009,69970271,3,2,'2012-03-05','2012-03-09'),(7387508,63841990,14,2,'2012-01-03','2012-01-07'),(7389390,13313916,11,2,'2013-03-09','2013-03-13'),(7409217,75244733,17,2,'2006-10-21','2006-10-24'),(7423679,10923308,12,2,'2011-10-16','2011-10-19'),(7440542,69538579,6,2,'2002-01-09','2002-01-13'),(7503359,70872355,18,1,'2008-12-25','2008-12-27'),(7522323,69935038,13,1,'2013-11-05','2013-11-07'),(7573308,35775169,16,2,'2014-04-10','2014-04-14'),(7598668,76952635,5,1,'2015-06-30','2015-07-02'),(7602721,82799679,19,2,'2010-01-19','2010-01-23'),(7622307,15232979,11,2,'2005-06-23','2005-06-26'),(7643625,92880925,3,2,'2020-08-25','2020-08-29'),(7645527,66476864,6,2,'2006-12-06','2006-12-10'),(7657340,56974117,17,1,'2004-10-03','2004-10-05'),(7661040,66327365,15,2,'2003-09-27','2003-09-30'),(7718784,66231535,4,2,'2002-10-25','2002-10-29'),(7724659,56671088,2,2,'2008-04-29','2008-05-03'),(7730111,61635992,16,2,'2010-08-30','2010-09-03'),(7733754,85232496,19,1,'2016-02-04','2016-02-06'),(7774656,60091982,13,2,'2011-12-25','2011-12-29'),(7779643,95450462,20,2,'2008-01-21','2008-01-25'),(7787146,77945043,14,2,'2009-03-10','2009-03-13'),(7860164,70908155,14,1,'2012-07-16','2012-07-18'),(7881733,23473005,4,2,'2017-09-22','2017-09-26'),(7886725,17395179,3,2,'2008-02-03','2008-02-07'),(7891127,12292062,20,2,'2013-04-23','2013-04-27'),(7904242,18654235,6,2,'2020-02-01','2020-02-05'),(7934600,49163556,9,2,'2016-07-20','2016-07-23'),(7934859,29287900,3,2,'2014-07-22','2014-07-25'),(7940347,20309840,3,1,'2007-08-02','2007-08-04'),(7977001,31280328,13,2,'2005-10-29','2005-11-02'),(7986548,86779514,20,2,'2005-08-28','2005-08-31'),(8003669,95387259,14,1,'2019-10-10','2019-10-12'),(8051427,16367131,16,2,'2020-04-28','2020-05-01'),(8072448,99387374,5,2,'2010-06-19','2010-06-22'),(8094409,56452754,12,2,'2016-11-03','2016-11-07'),(8102793,50530338,13,1,'2008-12-09','2008-12-11'),(8227733,79136540,20,1,'2019-05-07','2019-05-09'),(8231132,58841128,3,2,'2012-12-03','2012-12-07'),(8261076,52936393,6,1,'2011-10-19','2011-10-21'),(8282200,52622948,10,1,'2014-09-18','2014-09-20'),(8300119,22432201,8,1,'2004-05-14','2004-05-16'),(8389315,20546067,9,1,'2004-11-10','2004-11-12'),(8405848,49443764,20,2,'2014-01-29','2014-02-02'),(8410166,76952635,5,2,'2003-02-04','2003-02-08'),(8427345,54188795,10,2,'2006-09-28','2006-10-02'),(8488061,94133879,6,2,'2015-04-28','2015-05-01'),(8552817,24364165,1,2,'2014-06-18','2014-06-21'),(8552885,52034002,18,2,'2014-12-19','2014-12-22'),(8579531,66231535,5,2,'2021-02-12','2021-02-16'),(8581445,79282325,19,1,'2014-05-24','2014-05-26'),(8589699,87627087,9,2,'2009-04-05','2009-04-09'),(8597807,44931552,15,2,'2014-02-01','2014-02-04'),(8614264,89402765,5,2,'2005-04-09','2005-04-13'),(8620322,80442930,6,2,'2014-09-08','2014-09-12'),(8640225,70495352,3,2,'2011-11-21','2011-11-25'),(8644328,20961666,10,1,'2010-03-13','2010-03-15'),(8665407,10829414,3,2,'2006-12-10','2006-12-13'),(8670215,54188795,9,2,'2009-02-11','2009-02-14'),(8672401,60696955,7,2,'2021-03-06','2021-03-09'),(8724978,76828824,4,2,'2009-03-11','2009-03-14'),(8732468,84939416,1,1,'2004-09-24','2004-09-26'),(8735531,49069563,1,2,'2011-09-24','2011-09-27'),(8738254,18025875,13,2,'2012-02-19','2012-02-23'),(8741782,61907454,7,2,'2007-09-22','2007-09-26'),(8760300,27085456,17,2,'2016-07-10','2016-07-14'),(8770170,54111116,7,2,'2006-02-11','2006-02-14'),(8770334,34910850,4,2,'2007-07-02','2007-07-06'),(8775322,14508468,4,2,'2021-03-18','2021-03-22'),(8789482,53379456,20,2,'2021-03-16','2021-03-19'),(8809352,35975886,3,2,'2007-10-18','2007-10-22'),(8813531,43439653,19,1,'2005-07-24','2005-07-26'),(8835644,92647329,9,2,'2018-11-02','2018-11-05'),(8846694,47722619,14,2,'2021-02-16','2021-02-20'),(8883349,37072415,13,1,'2018-10-01','2018-10-03'),(8926433,26650633,11,2,'2011-10-23','2011-10-26'),(8948252,93843892,11,2,'2003-09-12','2003-09-15'),(8961525,66275488,10,2,'2012-07-29','2012-08-02'),(8980584,20770351,1,1,'2010-07-23','2010-07-25'),(8997017,71689496,15,2,'2017-04-30','2017-05-04'),(9001552,76829536,17,2,'2015-12-25','2015-12-28'),(9009445,58347966,7,1,'2003-03-01','2003-03-03'),(9014805,56002509,14,2,'2011-04-07','2011-04-10'),(9020862,77142405,9,2,'2018-03-21','2018-03-24'),(9062493,34478152,14,2,'2012-07-08','2012-07-12'),(9062719,41769975,13,1,'2005-03-11','2005-03-13'),(9073403,29660646,5,2,'2004-06-14','2004-06-18'),(9090415,38349222,12,1,'2018-04-27','2018-04-29'),(9102228,98623149,20,1,'2018-07-05','2018-07-07'),(9133715,60863387,8,2,'2014-11-27','2014-11-30'),(9138090,89284431,9,1,'2019-01-15','2019-01-17'),(9155354,57513815,6,1,'2002-11-07','2002-11-09'),(9181916,97651190,17,2,'2018-10-07','2018-10-10'),(9188967,50504175,1,1,'2003-03-15','2003-03-17'),(9236276,74273910,7,2,'2021-03-13','2021-03-17'),(9257760,11992795,2,2,'2018-12-15','2018-12-19'),(9274986,80611750,13,1,'2014-07-01','2014-07-03'),(9276622,28042253,3,1,'2014-01-30','2014-02-01'),(9313781,96054588,10,2,'2012-07-14','2012-07-17'),(9329216,46679340,11,2,'2019-11-27','2019-11-30'),(9331628,78021731,5,2,'2011-07-10','2011-07-13'),(9351572,32215256,12,2,'2010-04-21','2010-04-24'),(9375778,71608242,8,2,'2002-09-04','2002-09-08'),(9423062,61191031,19,1,'2002-10-28','2002-10-30'),(9426787,96054588,8,1,'2009-06-28','2009-06-30'),(9446868,70236640,14,2,'2004-02-11','2004-02-15'),(9452877,64939289,11,2,'2020-08-27','2020-08-30'),(9456404,74952298,4,2,'2005-01-18','2005-01-22'),(9484753,40621828,2,2,'2019-03-13','2019-03-16'),(9498643,13272874,3,2,'2016-11-02','2016-11-06'),(9505186,22300625,8,2,'2018-11-29','2018-12-02'),(9528481,19960739,12,1,'2009-07-12','2009-07-14'),(9558461,31830811,20,2,'2018-03-28','2018-04-01'),(9564313,93150705,18,1,'2008-05-20','2008-05-22'),(9573939,46978017,19,2,'2009-07-04','2009-07-08'),(9651934,20309840,17,2,'2011-11-29','2011-12-02'),(9687251,23689489,19,2,'2006-08-05','2006-08-08'),(9693982,99305340,9,1,'2011-09-18','2011-09-20'),(9702608,29774470,8,2,'2017-08-28','2017-08-31'),(9735702,10491160,4,1,'2020-07-12','2020-07-14'),(9742031,69886561,20,1,'2004-01-20','2004-01-22'),(9761993,93026577,16,1,'2011-05-11','2011-05-13'),(9769240,98298850,10,2,'2019-10-09','2019-10-13'),(9778190,58613631,10,2,'2008-02-04','2008-02-08'),(9784149,20128107,17,2,'2021-08-30','2021-09-03'),(9812719,95615576,19,1,'2004-01-08','2004-01-10'),(9828131,59517757,8,1,'2002-07-11','2002-07-13'),(9834197,68984384,9,1,'2018-05-07','2018-05-09'),(9836760,78021731,11,2,'2010-11-10','2010-11-13'),(9855661,58955944,13,2,'2018-01-21','2018-01-25'),(9856743,44458996,17,1,'2021-06-14','2021-06-16'),(9876967,23879251,1,1,'2003-01-15','2003-01-17'),(9907519,28042253,20,1,'2016-02-28','2016-03-01'),(9914219,30549668,8,2,'2010-04-20','2010-04-23'),(9919346,31830811,9,2,'2017-08-16','2017-08-20'),(9931325,33870751,7,2,'2013-01-09','2013-01-13'),(9934121,45203985,8,2,'2007-09-17','2007-09-21'),(9983623,26880466,16,1,'2005-09-13','2005-09-15');
/*!40000 ALTER TABLE `admissions_table` ENABLE KEYS */;
UNLOCK TABLES;

--
-- Table structure for table `doctors_table`
--

DROP TABLE IF EXISTS `doctors_table`;
/*!40101 SET @saved_cs_client     = @@character_set_client */;
/*!50503 SET character_set_client = utf8mb4 */;
CREATE TABLE `doctors_table` (
  `licence_no` int NOT NULL,
  `doctor_fname` text NOT NULL,
  `doctor_lname` text NOT NULL,
  PRIMARY KEY (`licence_no`)
) ENGINE=InnoDB DEFAULT CHARSET=utf8mb4 COLLATE=utf8mb4_0900_ai_ci;
/*!40101 SET character_set_client = @saved_cs_client */;

--
-- Dumping data for table `doctors_table`
--

LOCK TABLES `doctors_table` WRITE;
/*!40000 ALTER TABLE `doctors_table` DISABLE KEYS */;
INSERT INTO `doctors_table` VALUES (1,'Harold','MacIlhagga'),(2,'Chevalier','Ashborne'),(3,'Jarrid','Bartalucci'),(4,'Austina','Ramelet'),(5,'Lilllie','Kendle'),(6,'Derron','Gaynes'),(7,'Karleen','Pengelley'),(8,'Welch','Conquer'),(9,'Pete','Coult'),(10,'Edythe','Rosenschein'),(11,'Tiff','Dowsing'),(12,'Alexandre','Kassel'),(13,'Sven','Du Fray'),(14,'Torie','Tembey'),(15,'Evonne','Fardy'),(16,'Filmore','Inde'),(17,'Edwina','Turbefield'),(18,'Joceline','Quidenham'),(19,'Drugi','Haquin'),(20,'Agathe','Drable');
/*!40000 ALTER TABLE `doctors_table` ENABLE KEYS */;
UNLOCK TABLES;

--
-- Table structure for table `medicines_table`
--

DROP TABLE IF EXISTS `medicines_table`;
/*!40101 SET @saved_cs_client     = @@character_set_client */;
/*!50503 SET character_set_client = utf8mb4 */;
CREATE TABLE `medicines_table` (
  `med_id` int NOT NULL,
  `medicine_name` text NOT NULL,
  `unit_price` int NOT NULL,
  PRIMARY KEY (`med_id`)
) ENGINE=InnoDB DEFAULT CHARSET=utf8mb4 COLLATE=utf8mb4_0900_ai_ci;
/*!40101 SET character_set_client = @saved_cs_client */;

--
-- Dumping data for table `medicines_table`
--

LOCK TABLES `medicines_table` WRITE;
/*!40000 ALTER TABLE `medicines_table` DISABLE KEYS */;
INSERT INTO `medicines_table` VALUES (1234,'Omeprazole',7),(1279,'Perampanel',23),(1324,'Benztropine Mesylate',5),(1369,'Doxazosin',14),(1414,'Aspergillus',64),(1459,'Diazepam',46),(1504,'Octinoxate and Octisalate',13),(1549,'Clarithromycin',22),(1594,'Primidone',11),(1639,'Atenolol',3),(1684,'Levetiracetam',31),(1729,'Clotrimazole',15),(1774,'Ethyl Alcohol',6),(1819,'Clarithromycin',4),(1864,'Lansoprazole',28),(1909,'Levetiracetam',17);
/*!40000 ALTER TABLE `medicines_table` ENABLE KEYS */;
UNLOCK TABLES;

--
-- Table structure for table `nurses_table`
--

DROP TABLE IF EXISTS `nurses_table`;
/*!40101 SET @saved_cs_client     = @@character_set_client */;
/*!50503 SET character_set_client = utf8mb4 */;
CREATE TABLE `nurses_table` (
  `employee_id` int NOT NULL,
  `ward_id` int NOT NULL,
  `nurse_fname` text NOT NULL,
  `nurse_lname` text NOT NULL,
  PRIMARY KEY (`employee_id`),
  KEY `ward_id1_idx` (`ward_id`),
  CONSTRAINT `ward_id1` FOREIGN KEY (`ward_id`) REFERENCES `ward_table` (`ward_id`) ON DELETE RESTRICT ON UPDATE RESTRICT
) ENGINE=InnoDB DEFAULT CHARSET=utf8mb4 COLLATE=utf8mb4_0900_ai_ci;
/*!40101 SET character_set_client = @saved_cs_client */;

--
-- Dumping data for table `nurses_table`
--

LOCK TABLES `nurses_table` WRITE;
/*!40000 ALTER TABLE `nurses_table` DISABLE KEYS */;
INSERT INTO `nurses_table` VALUES (124798,1,'Ronnica','Aylmore'),(158646,1,'Gerri','Quenell'),(161166,1,'Millisent','Marzelle'),(182531,2,'Mireille','Maylott'),(196215,2,'Uriah','Kembley'),(199552,2,'Reinwald','Base'),(206530,1,'Ebony','Hurdedge'),(214376,2,'Marjie','Crosson'),(225107,2,'Pavel','Segges'),(229874,2,'Odessa','Guyan'),(256853,2,'Deerdre','Linnit'),(286704,2,'Abram','Iggalden'),(290757,1,'Katalin','Bernade'),(324770,2,'Basia','Egdale'),(325452,2,'Sianna','Yitzhakov'),(329764,1,'Korella','Matignon'),(334738,2,'Eada','Ranvoise'),(334877,2,'Ronni','Onn'),(349090,2,'Florian','Machen'),(359351,2,'Karrah','Walesby'),(364411,2,'Orion','Uridge'),(370244,2,'Ileane','Crosser'),(372247,2,'Web','Dowrey'),(375582,2,'Emiline','Hein'),(376025,2,'Tabbitha','Paszek'),(379768,1,'Carce','Cartan'),(383823,2,'Matthias','Verma'),(390219,1,'Zane','Jozsef'),(410228,2,'Waverley','Berrick'),(419627,1,'Ahmed','Ivanikhin'),(420433,2,'Wallas','Bazek'),(421598,2,'Mikey','Hordle'),(423783,1,'Dorothy','Life'),(445092,2,'Wilek','Meriot'),(477301,2,'Emery','Bister'),(478208,2,'Rikki','Stronough'),(478845,1,'Zachary','Noe'),(478956,1,'Yoko','Amor'),(483450,2,'Ainslee','Iannuzzi'),(490714,2,'Wyn','Bread'),(497253,2,'Marmaduke','Maffia'),(497847,2,'Whitaker','Dye'),(500268,2,'Ophelie','Bentson'),(504720,2,'Aurie','Roston'),(504858,2,'Tina','Pepon'),(521201,2,'Ernaline','Lovitt'),(537631,2,'Saloma','Steljes'),(538227,1,'Rianon','Blagburn'),(545852,2,'Ulrike','Housden'),(551904,2,'Noel','Conningham'),(566176,2,'Mariel','Hindge'),(567545,2,'Verile','Sarson'),(571733,2,'Casandra','Hebblewhite'),(598433,2,'Tomi','Croston'),(598639,2,'Herold','todor'),(616436,2,'Maximo','Gosford'),(639197,2,'Johnette','Gibbin'),(642514,2,'Orin','Ovise'),(647392,2,'Ruthanne','Eilhart'),(648203,2,'Lionello','Chsteney'),(648867,2,'Merrilee','Nodes'),(665514,2,'Marne','Friett'),(665589,1,'Ellwood','Matoshin'),(671808,1,'Rosemaria','Epdell'),(679029,1,'Allistir','Brodeau'),(681250,2,'Eziechiele','Mayston'),(683190,2,'Innis','Mostyn'),(695764,2,'Selene','Gasparro'),(697752,2,'Tiffanie','Vaskin'),(702517,1,'Guthrie','Lyfield'),(704093,2,'Juliann','Spadaro'),(705018,2,'Abdul','Kiddy'),(731586,2,'De','Stolberger'),(732254,2,'Mignonne','Pester'),(751470,2,'Caro','Hickisson'),(755827,2,'Jay','Rickaby'),(764701,1,'Dixie','Caslake'),(785592,1,'Caye','Wyndham'),(796160,1,'Derward','Allbon'),(805679,2,'Vikki','Pullin'),(821091,1,'Caesar','Keable'),(831637,2,'Obidiah','Borkin'),(840685,1,'Jodi','Tarpey'),(857744,2,'Laryssa','Shakshaft'),(859168,2,'Janina','Bottom'),(860337,1,'Elia','Klaessen'),(865361,2,'Arnuad','Vallentine'),(875219,1,'Ebonee','Tylor'),(879000,2,'Dalenna','Geekie'),(884321,2,'Ali','Lismore'),(909016,1,'Milka','MacCarrick'),(915836,2,'Stanfield','Giraudo'),(933180,2,'Jennica','Grigoriscu'),(934465,2,'Jewell','Owers'),(944238,2,'Jessie','Kuhnke'),(945142,2,'Kathye','Epilet'),(949971,1,'Alissa','Warbys'),(962395,1,'Nikolai','Chesshire'),(974892,1,'Ashlie','Stansbury'),(978216,2,'Marena','Sancto');
/*!40000 ALTER TABLE `nurses_table` ENABLE KEYS */;
UNLOCK TABLES;

--
-- Table structure for table `patients_table`
--

DROP TABLE IF EXISTS `patients_table`;
/*!40101 SET @saved_cs_client     = @@character_set_client */;
/*!50503 SET character_set_client = utf8mb4 */;
CREATE TABLE `patients_table` (
  `pps_no` int NOT NULL,
  `patient_fname` text NOT NULL,
  `patient_lname` text NOT NULL,
  `dob` date NOT NULL,
  `address` text NOT NULL,
  PRIMARY KEY (`pps_no`)
) ENGINE=InnoDB DEFAULT CHARSET=utf8mb4 COLLATE=utf8mb4_0900_ai_ci;
/*!40101 SET character_set_client = @saved_cs_client */;

--
-- Dumping data for table `patients_table`
--

LOCK TABLES `patients_table` WRITE;
/*!40000 ALTER TABLE `patients_table` DISABLE KEYS */;
INSERT INTO `patients_table` VALUES (10031077,'Mabelle','Danilevich','1982-12-24','47067 Spohn Circle'),(10110314,'Alexi','Bliben','1976-01-05','71347 Morning Court'),(10230696,'Danyelle','Root','1984-09-28','5982 8th Park'),(10491160,'Shayna','Ballard','1979-08-06','66346 Mayfield Terrace'),(10530077,'Lulita','Ferentz','1962-03-22','61109 Shelley Trail'),(10544421,'Marlie','Farmery','1998-08-12','92022 Arizona Parkway'),(10648191,'Willabella','Verey','1976-12-25','171 Clemons Place'),(10829414,'Fionna','Raspin','1989-07-04','780 Summer Ridge Parkway'),(10923308,'Caressa','O\'Carrol','1984-09-09','708 Crownhardt Park'),(10975626,'Karla','O\'Criane','1981-12-30','7 Jackson Trail'),(10989061,'Carroll','Boyde','1966-01-09','354 Scott Trail'),(10994045,'Rianon','Archambault','1990-02-24','9 Garrison Lane'),(11034839,'Netty','Mazzeo','1988-07-17','2 Cody Drive'),(11178373,'Brittan','McKissack','1982-06-13','6258 Randy Circle'),(11188040,'Jo-anne','Spurr','1972-06-06','837 Waubesa Way'),(11188737,'Charin','Keynd','1994-11-19','81594 Orin Avenue'),(11309757,'Elvira','Freear','1976-04-18','34788 Grim Pass'),(11345637,'Linzy','Johansen','1975-04-27','0394 David Crossing'),(11385197,'Kelcey','Honniebal','1975-12-30','3129 Sherman Alley'),(11609359,'Tyne','Crocumbe','1975-05-13','07360 Brown Pass'),(11631045,'Mira','Coggeshall','1970-03-24','29 Mccormick Drive'),(11720148,'Nissie','Stanyan','1962-04-27','7645 Pleasure Way'),(11746270,'Dotty','Harp','1981-03-11','368 Cherokee Drive'),(11755867,'Nora','Leyes','1962-11-19','297 Arrowood Lane'),(11898176,'Sophronia','Mackie','1977-10-07','9724 Waubesa Hill'),(11930329,'Holly','Iori','1993-02-03','87041 Pine View Point'),(11938665,'Helaina','Cholonin','1995-11-16','508 Westport Way'),(11992795,'Gigi','Dellenbroker','1988-02-13','40393 Autumn Leaf Center'),(12072474,'Madelle','Colbeck','1995-07-17','8 Troy Hill'),(12200313,'Claudia','Yurukhin','1961-05-16','21 Hudson Center'),(12292062,'Othilia','Percival','1981-10-27','03 Hanover Parkway'),(12822647,'Stephie','Zellmer','1972-01-08','40 Sunbrook Drive'),(12842242,'Alexandrina','Ralestone','1965-07-09','01 Independence Center'),(12864087,'Florie','Sheron','1973-02-10','1 Esker Place'),(12927625,'Roselin','Camies','1961-02-14','758 Macpherson Way'),(12954936,'Beryle','Glencrash','1981-08-27','4 Saint Paul Junction'),(13064968,'Blondell','Chalker','1979-07-13','0133 Brickson Park Alley'),(13164021,'Cathrine','Marnes','1987-07-21','682 Crest Line Park'),(13207110,'Glori','M\'cowis','1995-05-19','9 Warner Pass'),(13272874,'Donella','Arno','1979-12-30','378 Bellgrove Alley'),(13313916,'Kalli','Croisdall','1967-02-17','607 Stuart Hill'),(13503092,'Dania','Drummer','1969-06-03','15868 Gale Trail'),(13523376,'Lauri','Coulthart','1996-03-17','725 Hanover Circle'),(13732439,'Gene','Irons','1972-09-26','9 Hayes Drive'),(13996048,'Jsandye','Buss','1986-06-02','6562 Anniversary Street'),(14119350,'Nerita','Jailler','1981-01-13','31359 American Way'),(14271841,'Leyla','Kettel','1967-12-27','4 Carey Trail'),(14277961,'Rachel','Tosdevin','1972-12-27','5248 Novick Park'),(14450580,'Billy','Becerra','1964-10-26','2 Knutson Junction'),(14508468,'Courtenay','Hearnah','1999-02-02','7 Onsgard Terrace'),(14680451,'Myra','Gillani','1986-01-22','3 Scofield Terrace'),(15149717,'Ines','Khosa','1976-02-20','23 Shasta Avenue'),(15232979,'Bunni','Tregear','1995-07-10','3 Clove Road'),(15401607,'Queenie','Leyson','1977-01-28','626 Village Green Court'),(15600388,'Rozelle','Hiom','1977-08-29','461 Rieder Junction'),(15602181,'Honey','Sellen','1986-04-19','19 Lake View Hill'),(15808153,'Aarika','Bault','1972-02-06','613 Hanover Crossing'),(15839853,'Bev','Mallett','1998-09-19','4 Caliangt Circle'),(15886130,'Maxine','Fordy','1980-02-27','3347 Ryan Trail'),(15902393,'Maribeth','Scripture','1989-09-26','3 Prentice Street'),(15948547,'Ladonna','Emmerson','1980-05-14','345 Thierer Crossing'),(16367131,'Bellina','Lyosik','1974-11-27','002 Lunder Junction'),(16489579,'Alvinia','De L\'Isle','1968-08-16','573 Debra Pass'),(16680856,'Ivonne','Cragell','1984-03-27','91079 Shopko Alley'),(16765650,'Loralie','Hyslop','1973-01-10','1846 Iowa Court'),(16895295,'Melodie','Coskerry','2000-09-21','95295 Shoshone Parkway'),(16898693,'Benni','Gofton','1980-11-08','9587 Westend Parkway'),(17259747,'Annadiana','Pabst','1980-09-20','98 Merry Way'),(17327320,'Millie','Conaboy','1993-05-14','7 Vermont Crossing'),(17369015,'Lucita','Plews','1983-06-26','5 Browning Hill'),(17395179,'Kevyn','Schankelborg','1979-05-01','131 Gerald Road'),(17428369,'Bernita','Buttress','1993-07-24','1467 Becker Circle'),(17469308,'Rea','Kenafaque','1991-12-02','54614 Swallow Parkway'),(17551823,'Brunhilde','Kinvan','1986-09-08','46481 Mosinee Junction'),(17560407,'Trish','Banister','1972-06-06','99 Hallows Road'),(17640894,'Melinde','Demangeot','1985-01-27','43840 Johnson Circle'),(17761434,'Merlina','Crayden','1991-06-17','60 Monterey Terrace'),(18025875,'Chicky','Longstaffe','1974-01-02','10798 Pennsylvania Center'),(18100814,'Madelena','Syred','1984-02-20','373 Northridge Way'),(18308262,'Madella','Ierland','1964-02-23','8 Hallows Park'),(18374306,'Selie','Hollier','1984-03-30','1004 Carberry Parkway'),(18471250,'Frannie','Chirm','1961-07-12','738 Maywood Avenue'),(18654235,'Adela','Rosellini','2000-10-23','1973 Park Meadow Terrace'),(18743058,'Jenna','Collings','1966-03-25','9 Graceland Terrace'),(18789254,'Felecia','Allatt','1985-12-05','549 Steensland Junction'),(18872221,'Betti','Vanyakin','1976-10-02','4483 Continental Terrace'),(19052820,'Monah','Gaythor','1998-06-11','74360 Doe Crossing Court'),(19195603,'Lonee','Dillinton','1965-10-05','21 Donald Junction'),(19261153,'Brietta','Melley','1988-10-02','28 Union Lane'),(19265489,'Tine','Crayden','1970-03-29','4 Golf Course Circle'),(19328530,'Keelia','Albrecht','1978-07-17','8522 Bowman Pass'),(19398238,'Nissie','Barnaby','1975-12-20','164 Hoffman Center'),(19449832,'Pierrette','Tarney','1972-08-19','6716 Bayside Alley'),(19527660,'Terri-jo','Gowans','1988-01-20','95902 North Plaza'),(19562963,'Scarlet','Godson','1961-09-07','97174 Scofield Circle'),(19570386,'Conchita','Sclanders','1972-02-16','2705 Jay Alley'),(19590245,'Daryn','Baldery','1999-05-17','2117 Clove Junction'),(19598608,'Barbe','Firman','1983-01-06','9253 Columbus Alley'),(19627980,'Nixie','Meins','1976-01-12','7 Sunnyside Plaza'),(19659712,'Pepi','Markwick','1973-12-01','9120 Garrison Alley'),(19733094,'Agnese','Jacqueminet','1984-01-26','3269 Sutherland Hill'),(19830038,'Eugenie','Lishman','1997-04-08','81979 Acker Pass'),(19960739,'Lonna','Kopfer','1967-01-12','5 Surrey Court'),(19967535,'Phoebe','Frantz','1997-10-03','36 Derek Parkway'),(20099706,'Zara','Paulin','1994-01-25','8 Fisk Pass'),(20119306,'Storm','Ucceli','1964-03-23','353 Grayhawk Street'),(20128107,'Ariana','O\'Downe','1987-04-22','783 Grim Terrace'),(20220603,'Marcella','Gerge','1972-12-18','843 Emmet Crossing'),(20234605,'Luci','Crix','1975-06-05','7587 Bowman Junction'),(20306860,'Dolorita','Kermit','1998-06-11','42927 Grasskamp Place'),(20309840,'Maisie','Kowalski','1964-02-24','4 Wayridge Crossing'),(20388856,'Madelaine','Oldnall','1967-06-24','77 Carey Way'),(20441584,'Christyna','McKerlie','1989-11-25','93706 Sachtjen Alley'),(20487611,'Sarena','Lannon','1983-05-23','64853 Karstens Pass'),(20546067,'Una','Gladdish','1986-10-08','3683 Cherokee Trail'),(20669456,'Bryana','Lemmertz','1972-11-23','85 Melby Pass'),(20689868,'Kittie','Maden','1979-10-30','5 Bellgrove Terrace'),(20704919,'Tilda','Gwyer','1964-07-24','06 Saint Paul Way'),(20765098,'Loreen','MacKean','1973-06-11','6 Loeprich Court'),(20770351,'Elianore','Sword','1989-06-22','8213 Stoughton Place'),(20961666,'Jillie','Bartleet','1988-04-08','59 Miller Plaza'),(21191264,'Agace','Kenwin','1992-03-29','09115 Anhalt Avenue'),(21207171,'Mona','Henrot','1965-06-12','55103 Lerdahl Way'),(21370283,'Viki','Alliot','1973-04-28','5423 High Crossing Trail'),(21505968,'Maddi','Ayllett','1974-05-27','8 Lerdahl Street'),(21625408,'Callida','Frisdick','1989-10-02','35 American Lane'),(21636993,'Bethena','Crawcour','1963-04-24','1 Paget Terrace'),(21775356,'Trixy','Maulkin','1968-11-01','75794 Steensland Road'),(21782179,'Faunie','Seadon','1988-11-05','9360 Barnett Way'),(21954279,'Winifred','Crole','1965-04-29','36 Bayside Drive'),(21967546,'Berni','Kalkofen','1967-08-12','74 Superior Way'),(21992036,'Dori','Furman','1961-12-16','4 Jay Trail'),(22122978,'Selina','Chaplain','1993-05-16','4665 Clyde Gallagher Parkway'),(22270463,'Eilis','Shoulders','1997-04-09','5 Oak Valley Road'),(22300625,'Irena','Belcham','2000-02-13','144 American Ash Road'),(22333201,'Lelia','Tinan','2000-07-01','337 Killdeer Way'),(22432201,'Tabitha','Yearsley','1978-04-30','823 4th Trail'),(22511492,'Arlette','Mealing','1987-12-15','61 Bonner Way'),(22532366,'Pauline','Goshawke','1961-01-17','5266 Vermont Court'),(22722777,'Connie','Obington','1962-01-19','180 Erie Drive'),(22736509,'Lesley','Vaar','1994-09-05','3 Jenifer Park'),(22781928,'Devora','Umney','1994-06-28','42019 Ilene Circle'),(22835406,'Julita','Sabater','1991-07-30','1 Morningstar Street'),(22859355,'Devin','Ferrar','1995-01-07','6915 Dakota Junction'),(22958203,'Juline','Cronshaw','1972-09-21','81981 Vera Hill'),(23136085,'Doralyn','Meeny','1997-09-29','68 Fuller Avenue'),(23169613,'Mary','Tribe','1999-09-08','12673 Vermont Pass'),(23169872,'Bebe','Jerche','1963-08-25','00545 Service Parkway'),(23331798,'Luciana','MacKimmie','1991-01-02','944 Dottie Park'),(23462728,'Adrianne','Fraine','1973-12-18','26628 Birchwood Lane'),(23473005,'Micki','Garnar','2000-06-17','75997 Thierer Road'),(23689489,'Ofella','Gotfrey','1995-01-26','875 Pine View Place'),(23692530,'Maribeth','Battershall','1990-07-02','98636 Manufacturers Park'),(23708535,'Simone','Syme','1970-02-11','01532 Warrior Point'),(23748283,'Amalita','Sodory','1963-01-25','7621 School Center'),(23765256,'Tessi','Giorgetti','1997-03-29','1911 Autumn Leaf Pass'),(23879251,'Lia','Lithgow','1963-10-17','96 David Pass'),(23903526,'Cornelle','Flatte','1988-02-28','6965 Cascade Pass'),(24041134,'Frederique','MacDearmid','1993-03-04','58 Hoepker Hill'),(24272284,'Nannie','Glaisner','1982-10-22','7906 Crowley Park'),(24321132,'Jeanna','Bilovus','1963-12-28','9 Menomonie Road'),(24364165,'Daloris','Brownsword','1993-02-01','6575 West Terrace'),(24646535,'Kassandra','Penright','1989-12-20','5526 Schlimgen Plaza'),(24782341,'Loreen','McCloid','1976-08-27','9665 3rd Way'),(24803814,'Beret','MacGoun','1980-03-31','604 Dahle Lane'),(24895472,'Trina','MacKomb','1962-04-04','91 Shoshone Street'),(24897115,'Therine','Ludvigsen','1979-01-26','3 Spohn Terrace'),(25019643,'Philipa','Petrowsky','1965-09-08','10448 Old Gate Place'),(25027466,'Marge','Noddles','1992-03-27','0 Blackbird Drive'),(25044751,'Siusan','Marzello','1964-02-18','1 Cascade Way'),(25407227,'Adrienne','Wrettum','1965-06-30','3 Artisan Way'),(25549022,'Audy','Finnis','1998-10-26','17458 Warbler Center'),(25554074,'Joelle','Papes','1974-08-31','794 Mallard Hill'),(25677997,'Christiana','Bladder','1997-12-09','8359 Crescent Oaks Parkway'),(25824027,'Elinore','Jennings','1973-04-24','519 Kim Avenue'),(25851896,'Bernita','Barnicott','1991-12-26','5 Butternut Place'),(26030796,'Gretal','Joppich','1993-03-26','4893 3rd Park'),(26077299,'Caressa','Petegre','1991-04-29','446 Tennyson Crossing'),(26160314,'Victoria','Tucker','1988-03-22','2455 Donald Terrace'),(26311437,'Etta','Bains','1994-08-19','974 Killdeer Center'),(26378113,'Terra','Hampshire','1971-10-11','01 Ridgeway Trail'),(26632828,'Janaye','Kennaird','1992-09-07','0687 Northland Way'),(26650633,'Holli','Studd','1971-08-10','0 Welch Terrace'),(26703072,'Cleopatra','Batey','1994-10-14','15 Burning Wood Court'),(26740706,'Lucretia','Wibrow','1968-04-15','2 Anniversary Circle'),(26799743,'Laurella','Lackney','1983-02-03','4 Tennessee Road'),(26880466,'Gail','Riccardi','1967-11-05','10232 Dahle Street'),(26927422,'Charmine','Ludman','1975-05-24','82 Scofield Way'),(27085456,'Liz','Connerry','1988-12-04','16 Jackson Street'),(27142369,'Maudie','Gatchell','1975-07-17','2 Tennessee Junction'),(27176775,'Leilah','Berrey','1964-09-27','2 Pearson Lane'),(27261625,'Theresina','Kelk','1981-01-14','602 Coolidge Hill'),(27267288,'Loralee','Mucklow','1987-05-22','001 Cascade Way'),(27503529,'Ilise','Ducarne','1982-03-15','089 Sheridan Way'),(27626638,'Flora','Dubber','1966-04-17','420 Mcguire Circle'),(27908974,'Sarine','Blethin','1979-04-01','08 Old Gate Center'),(27991370,'Zena','Langstone','1986-07-02','24 Sunnyside Street'),(28042253,'Milicent','Kuschel','1967-04-13','79 Vidon Place'),(28083867,'Ileane','Gallafant','1986-10-13','84244 Homewood Circle'),(28143989,'Elfie','Fillary','1984-11-05','220 Green Ridge Alley'),(28298870,'Kore','Coneau','1982-08-27','8421 Buell Hill'),(28410322,'Antonie','Whapples','1996-11-28','771 6th Pass'),(28504608,'Corabella','Blacksland','1974-11-30','5 Grasskamp Road'),(28528235,'Norri','Pencot','1992-05-06','4570 Stoughton Junction'),(28575116,'Leta','Barnardo','1998-10-25','93 Kennedy Avenue'),(28620703,'Maxi','Aberdeen','1970-07-01','348 Browning Pass'),(28623580,'Jenda','Falkous','1967-06-08','6 Evergreen Road'),(29277514,'Sadye','Sego','1963-03-23','464 Manley Park'),(29287900,'Farrand','Cathcart','1984-10-20','76883 Superior Junction'),(29340665,'Shell','Inglefield','1987-12-02','8 Glacier Hill Pass'),(29461712,'Ernesta','Cammacke','1984-05-08','7316 Oriole Trail'),(29570947,'Davita','Bugg','1996-02-06','495 Caliangt Street'),(29591638,'Amberly','Quinney','1973-05-13','019 Iowa Alley'),(29635100,'Flss','Harses','1961-05-08','152 Tomscot Junction'),(29660646,'Diann','Noni','1978-04-13','0145 Melby Way'),(29748204,'Coraline','Boleyn','1998-12-28','04 Arizona Crossing'),(29774470,'Anissa','Gosnoll','1964-08-05','37 Sundown Lane'),(29775419,'Roseanne','Burroughes','1996-11-20','219 Park Meadow Parkway'),(29919314,'Joann','Crollman','1983-11-14','66 Burrows Parkway'),(29936501,'Danna','Selly','1999-05-09','2 Veith Place'),(30006885,'Tandie','Saxton','1981-02-27','3633 Di Loreto Center'),(30053396,'Jean','McGennis','1974-02-14','411 Florence Lane'),(30113816,'Klarika','Bayford','1999-12-18','45601 8th Court'),(30132438,'Sheena','McIlvenny','1982-01-29','775 Debs Plaza'),(30192376,'Suzette','Klammt','1976-01-28','5020 Gateway Crossing'),(30242479,'Erminie','Sinkinson','1986-01-13','87882 Oxford Way'),(30270189,'Nedi','Memory','1978-06-27','0 Maple Wood Hill'),(30451212,'Lizzy','Schubart','1997-05-23','05367 Lillian Way'),(30549668,'Faun','Kinder','1997-11-05','95 4th Court'),(30583073,'Gayle','Rodrigo','1963-06-19','7439 David Court'),(30609481,'Violetta','Cockle','1965-12-09','1724 Ridgeview Circle'),(30653490,'Wenona','Athy','1962-07-30','2110 International Park'),(30742803,'Noelle','Andrzej','1992-08-28','39 Northview Avenue'),(30967979,'Helena','Cornelis','1998-02-10','1371 Forest Dale Point'),(31159108,'Pollyanna','Hinchshaw','1998-09-19','60675 Russell Road'),(31188502,'Ronny','Percifer','1989-04-06','58032 Derek Hill'),(31201187,'Ellen','McAlroy','1980-12-04','7 Oneill Crossing'),(31232372,'Cam','Matias','1967-06-13','16781 Cordelia Circle'),(31246717,'Cheri','Hacon','1969-10-24','7 Evergreen Road'),(31280328,'Merrily','Dulake','1995-09-04','47 Darwin Circle'),(31352876,'Sarena','Glencrash','1962-07-10','129 Magdeline Crossing'),(31377598,'Merilee','Mattys','1979-05-15','89699 Nancy Terrace'),(31379077,'Giselle','Tackell','1978-02-25','90916 Lighthouse Bay Way'),(31397344,'Lillis','Dovey','1997-11-09','6 Mcguire Drive'),(31561082,'Flore','Draude','1966-03-24','1833 Sage Circle'),(31621082,'Desiree','Kempe','1997-01-21','9 Autumn Leaf Center'),(31830811,'Sabra','Allott','1961-03-04','681 Vidon Road'),(32182626,'Stormie','Rallings','1978-02-27','488 Monument Center'),(32215256,'Elyse','Scopham','1998-06-01','65408 West Avenue'),(32661886,'Kimmi','Coady','1982-03-05','941 Maryland Plaza'),(32907815,'Lissie','Beton','1991-03-20','1 Oakridge Plaza'),(32939755,'Klara','Brewins','1988-08-14','668 Warrior Crossing'),(33005027,'Mariette','Kubach','1965-09-28','5704 Harper Place'),(33088269,'Federica','Lillicrap','1980-04-29','366 High Crossing Road'),(33158988,'Georgetta','Castenda','1964-03-17','0372 Melvin Avenue'),(33253716,'Clara','Cocking','1994-04-20','3 Graedel Pass'),(33781519,'Bunni','Tailby','1985-03-19','85513 Lukken Terrace'),(33821916,'Doroteya','Treadaway','1978-04-25','5 Hayes Avenue'),(33857417,'Gilli','Lidgley','1991-05-22','89 Golf Court'),(33870751,'Rica','Linggood','1973-08-19','04 Twin Pines Street'),(33984846,'Sharleen','Torbet','1999-06-22','8 Troy Parkway'),(34156286,'Katrina','Biggerstaff','1972-01-09','61 Fremont Court'),(34187541,'Danyette','Hyland','1984-01-29','27175 Browning Road'),(34268553,'Nananne','Blaske','1980-01-04','95617 John Wall Hill'),(34365701,'Andreana','Hamberstone','1986-03-28','2174 Lawn Circle'),(34478152,'Meridel','Curston','1985-01-15','376 Manley Street'),(34511750,'Tatiana','Robker','1969-08-21','1 Express Court'),(34717224,'Danita','Lethibridge','1982-05-21','15 Autumn Leaf Court'),(34910850,'Beverlie','Feeney','1993-09-17','6 Debs Crossing'),(35013605,'Etta','Stilly','1982-01-08','99527 Banding Lane'),(35118861,'Delilah','Conn','1971-02-22','0 5th Road'),(35238888,'Emmalyn','Clawley','1966-03-25','923 Paget Court'),(35472499,'Genovera','Bottrell','1997-05-20','4 Independence Avenue'),(35524515,'Anet','Meagh','1967-03-12','8 Sachtjen Hill'),(35610149,'Neely','Roskilly','1971-05-01','55116 Helena Plaza'),(35688569,'Kimberli','By','1979-08-24','185 Sycamore Crossing'),(35775169,'Melonie','Cayton','1974-11-30','58635 Ludington Road'),(35923987,'Joline','Wragg','1970-01-08','3659 Hermina Court'),(35955040,'Daile','Semonin','1967-04-11','186 Westerfield Road'),(35975580,'Kass','Smidmore','1995-05-16','9 Westridge Parkway'),(35975886,'Nancee','Bleibaum','1980-04-29','98 Division Circle'),(35981742,'Mitzi','Tinman','1975-05-07','5102 Knutson Hill'),(36066647,'Anny','Fallowes','1983-03-26','0 Luster Court'),(36265190,'Della','Emanuel','1971-09-17','881 Artisan Drive'),(36324878,'Deborah','Waltering','2000-09-29','9430 Dixon Pass'),(36433993,'Carmine','Zuanelli','1989-06-09','13749 Lerdahl Pass'),(36683724,'Cissy','MacAlpyne','1972-08-05','2967 Thackeray Way'),(36692297,'Terrye','Lummus','1994-10-03','44 Atwood Hill'),(36704089,'Emelda','MacNalley','1997-12-25','40982 Sutteridge Lane'),(36839144,'Patti','Tendahl','1987-09-01','196 Saint Paul Trail'),(37009782,'Missy','Pays','1990-02-02','39385 Maple Wood Center'),(37072415,'Klarrisa','Mansel','1975-05-21','3 Armistice Terrace'),(37103234,'Vina','O\'Loughnan','1997-09-01','0167 Duke Circle'),(37173540,'Kira','Lotwich','1970-04-26','80 Briar Crest Crossing'),(37319621,'Carolina','Alps','1984-03-16','8729 Graedel Drive'),(37389469,'Daphna','Rembaud','1967-02-28','86054 Westridge Plaza'),(37849140,'Britni','Roo','1979-06-10','19 Warner Trail'),(37861166,'Dayle','Calcut','1980-08-14','2 Nevada Plaza'),(38044735,'Tobey','Hancill','1977-12-01','86950 Oakridge Plaza'),(38149096,'Donia','Senecaut','1961-10-11','7 Glendale Avenue'),(38213502,'Vivianna','Stote','1973-04-22','17 Pleasure Circle'),(38222831,'Brigit','Connor','1989-01-16','15228 Harbort Junction'),(38241291,'Josselyn','Gianuzzi','1972-10-08','1 Bartillon Center'),(38349222,'Vallie','St. Hill','1983-07-22','1549 Gateway Crossing'),(38435954,'Almeda','Moxsom','1975-12-26','2 Vermont Hill'),(38515327,'Emmy','Cheake','1982-11-25','8405 Aberg Pass'),(38569565,'Lilia','Kynder','1985-01-23','75957 Gerald Way'),(38621054,'Dell','Savage','1989-04-27','33 Delaware Road'),(38645207,'Ashely','Moult','1976-12-19','5 Westend Pass'),(38754257,'Elyn','Johantges','1986-08-02','07 Meadow Vale Park'),(38844972,'Janeczka','Oattes','1989-07-03','66 Spohn Hill'),(38875923,'Krystal','Lavis','1996-05-23','8783 Gale Pass'),(38905739,'Mirna','Sandeman','1961-12-07','283 Golden Leaf Hill'),(39090250,'Pepi','Gossan','1998-12-22','1029 Stephen Circle'),(39091181,'Dorelia','Chevin','1961-02-20','25 Muir Court'),(39109602,'Brett','Labin','1969-02-06','5319 Hoffman Plaza'),(39178229,'Ardenia','Stiffell','1979-05-29','43217 Fisk Crossing'),(39292372,'Carola','Ashbrook','1984-12-09','4 Spenser Place'),(39445268,'Beret','Stodart','1984-01-01','206 Saint Paul Parkway'),(39749204,'Erinn','Dahlman','1981-04-14','9012 Dapin Hill'),(39904963,'Jemmie','Sholl','1965-06-28','71693 Ramsey Terrace'),(39964962,'Nisse','De Metz','1970-02-16','2 Corscot Hill'),(39970099,'Catlee','Hexam','1995-05-01','9505 Mariners Cove Alley'),(40116912,'Clerissa','Henrot','1981-06-29','1300 Old Shore Place'),(40245163,'Diann','Binns','1965-12-04','95 Summer Ridge Trail'),(40370003,'Kathleen','Goch','1972-11-10','40 West Pass'),(40556732,'Aarika','Greenstock','1977-12-14','178 Mayfield Trail'),(40561899,'Carroll','Robion','1981-05-22','587 Linden Lane'),(40621828,'Jaine','Peever','1982-10-20','2818 Mosinee Hill'),(40685678,'Kare','Quilliam','1966-01-16','33 Merrick Drive'),(40714058,'Kimberley','Mowsdill','1965-09-21','1412 Forster Terrace'),(40716331,'Loretta','Lovie','1980-07-22','264 Steensland Junction'),(40883386,'Lea','Ballin','1975-01-27','85534 Thompson Terrace'),(40969906,'Nicholle','Probet','1995-06-07','76582 Maywood Drive'),(41150585,'Oralia','Goneau','1968-04-20','94 Buell Center'),(41165364,'Bobine','Dowding','2000-06-15','4 Montana Drive'),(41196748,'Caroline','Gier','1965-06-09','2 Coolidge Center'),(41208515,'Editha','Rampley','1973-03-09','88575 Arapahoe Trail'),(41314997,'Nonna','Parncutt','1990-10-17','17 Rigney Trail'),(41398219,'Doralin','Stronge','1962-11-15','2252 Towne Drive'),(41445519,'Avie','Franciotti','1964-08-11','024 Transport Plaza'),(41471483,'Jacquelynn','Beine','1999-02-08','54 Moulton Lane'),(41474447,'Rozalin','Trahmel','1979-01-15','35 Jackson Hill'),(41608479,'Janelle','Steer','1985-01-25','26 Briar Crest Way'),(41648283,'Kellina','Weeke','1976-07-19','62 Carberry Point'),(41672868,'Minta','Duffyn','1970-07-06','76702 Stang Place'),(41769975,'Amabelle','Grut','1983-01-12','33 Pearson Hill'),(41957599,'Amalee','Coldrick','1989-03-31','6 Lotheville Terrace'),(42022289,'Starlin','Bletsor','1961-09-19','25480 Old Shore Road'),(42051190,'Bev','Orbine','1993-03-16','49 Springs Parkway'),(42079109,'Roxanna','Tapp','1965-03-22','31 Magdeline Center'),(42097270,'Terri','Forde','1981-04-01','80553 Milwaukee Parkway'),(42156904,'Guinna','Drury','1986-03-26','8503 Main Circle'),(42240747,'Emili','Grinishin','1975-08-26','582 Alpine Junction'),(42317374,'Sibella','Greensted','1971-04-05','8852 Karstens Center'),(42631779,'Ileane','Fradgley','1997-10-09','341 Farmco Crossing'),(42939997,'Gustie','Breens','1966-02-02','9 Muir Plaza'),(43124124,'Elaine','Vittery','1993-11-18','66 Jay Junction'),(43142112,'Petra','Hewes','1998-03-25','300 Grim Plaza'),(43195139,'Iormina','Coppard','1988-03-01','7 Burning Wood Parkway'),(43359970,'Wilhelmina','Fishleigh','1986-12-27','9043 Longview Court'),(43439653,'Blair','Garnul','1977-12-09','68073 Mallory Drive'),(43702011,'Marchelle','Leuchars','1989-07-01','6 Dunning Way'),(43713777,'Ara','Brewin','1963-04-15','65 Toban Circle'),(43770734,'Oralla','Claxton','1962-02-23','3 Bayside Pass'),(43832446,'Briney','Claypole','1985-10-25','35577 Union Point'),(43958667,'Helena','Leeds','1961-03-17','007 Sherman Hill'),(44073067,'Dode','Galliford','1982-03-28','836 Mcbride Crossing'),(44080115,'Cthrine','Danilenko','1963-05-09','289 West Trail'),(44179371,'Alysa','Fevier','1995-10-04','0 Clove Hill'),(44206366,'Carlin','Lovelock','1965-06-19','8503 Kenwood Center'),(44353086,'Trix','Sedgebeer','1964-12-15','84 Mcguire Drive'),(44357384,'Bethina','Delhanty','1996-05-24','6 Badeau Crossing'),(44444648,'Elli','Lomansey','1970-09-12','8 Gateway Place'),(44458996,'Frances','Giraths','1996-07-12','54645 Carberry Lane'),(44712733,'Clio','Garn','1989-10-03','640 Delaware Avenue'),(44806144,'Penni','Maving','1964-01-07','703 Sunfield Lane'),(44838070,'Delphinia','Heffernon','1962-05-15','425 Lien Terrace'),(44925387,'Annice','Pietruszewicz','1991-09-14','88468 Valley Edge Park'),(44931552,'Hesther','Cogman','1984-02-15','655 Ramsey Court'),(45073290,'Enrika','Nurny','1968-09-03','482 Surrey Parkway'),(45134754,'Annabell','Spolton','1995-05-13','7 Fair Oaks Avenue'),(45189411,'Annamaria','Maciaszczyk','1983-10-12','825 Garrison Pass'),(45192255,'Di','Beastall','1990-02-14','5492 Pleasure Point'),(45203985,'Virginia','Ossipenko','1995-06-20','92616 Homewood Court'),(45205297,'Claudia','Desport','1990-09-03','90 Maple Alley'),(45228906,'Carol','Blomefield','1992-01-26','41172 Logan Hill'),(45444449,'Corinna','Levesque','1974-10-13','492 Roxbury Parkway'),(45452479,'Marlyn','Shepstone','1964-05-09','995 Everett Way'),(45555099,'Noellyn','Gilyatt','1997-11-20','169 Hauk Way'),(45711025,'Doll','Chmiel','1972-01-23','438 Butterfield Street'),(45884500,'Jackelyn','Whittle','1971-12-26','73916 Onsgard Drive'),(45900148,'Jodee','Beaby','1992-06-30','71 Manley Junction'),(46183879,'Tuesday','Skerm','1974-09-15','674 Sauthoff Park'),(46462958,'Charmian','D\'Aeth','1972-07-30','31797 Mallory Center'),(46535792,'Estell','Tunnick','1969-06-22','67395 Dottie Pass'),(46566717,'Odetta','Argontt','1975-11-27','78160 Muir Park'),(46638075,'Carmencita','Brookshaw','1972-03-30','4010 Farmco Center'),(46679340,'Leonora','Roz','1996-01-08','6 Del Sol Parkway'),(46712972,'Gusti','Quinet','1981-03-24','702 Main Avenue'),(46746952,'Coleen','Vye','1999-09-06','27 Dottie Point'),(46828996,'Shaylyn','Jaquest','1997-06-19','49870 Anniversary Place'),(46839383,'Ainslie','Janousek','1985-06-22','571 Lindbergh Road'),(46919448,'Neile','Canete','1988-08-04','60 Texas Hill'),(46978017,'Thomasine','Adamowitz','1986-02-11','5 Bluejay Avenue'),(46996058,'Tybi','Seivwright','1983-11-28','7 Walton Street'),(47150826,'Mab','Candelin','1972-09-14','44590 Buhler Alley'),(47391655,'Janot','Butchers','1994-07-11','2152 6th Parkway'),(47450477,'Gavrielle','Bassilashvili','1979-07-30','4 Golden Leaf Trail'),(47536945,'Cleopatra','Meineck','1989-02-20','99 Bashford Junction'),(47613803,'Vyky','Presdee','1998-11-13','204 Sage Park'),(47722619,'Delly','Kabos','1983-01-11','0 Lakeland Way'),(47739166,'Marjory','Helian','1978-01-02','23237 Spenser Junction'),(47773790,'Fianna','Izkovitch','1979-11-26','0 Hallows Park'),(47774328,'Jere','Gooderick','1963-12-30','0039 Russell Drive'),(47795953,'Coletta','Judson','1990-11-29','44428 Nancy Junction'),(47839734,'Karly','Adiscot','1993-10-25','461 Paget Lane'),(48092582,'Shaylah','Mynard','1974-11-04','43920 8th Pass'),(48162872,'Penelope','Quinevan','1982-11-02','124 Ryan Road'),(48222825,'Mareah','Christauffour','1991-06-06','61 Caliangt Circle'),(48250895,'Em','Westcot','1995-05-20','65 Pine View Park'),(48266403,'Minne','Kissack','1994-11-11','13358 Manitowish Circle'),(48366231,'Harlie','Caris','1988-10-09','7014 Kedzie Alley'),(48397771,'Ingunna','Heibel','1998-05-12','2472 Daystar Road'),(48504437,'Sonya','Watkins','1978-10-13','905 Fairfield Alley'),(48545097,'Letizia','Priddy','1998-05-03','7701 1st Center'),(48566979,'Mirna','Bird','1997-05-22','64 Arapahoe Circle'),(48647099,'Alethea','Heinig','1964-01-31','549 Pleasure Way'),(48661745,'Britt','Dublin','1971-11-15','775 8th Court'),(48673988,'Zorana','McNicol','1982-06-24','64109 Derek Point'),(48694802,'Benita','Aspinell','1968-05-29','831 Vermont Point'),(48725384,'Cherey','Colombier','1972-04-16','2 Dakota Terrace'),(48901162,'Tabbie','Lockyear','1970-04-09','99762 Holmberg Street'),(48962943,'Daune','Mac Giany','1975-03-26','180 Ruskin Hill'),(49021562,'Veriee','Bortoloni','1974-02-27','1521 Lakewood Pass'),(49069563,'Willow','Gainseford','1974-01-10','69444 Holy Cross Street'),(49098725,'Lorelei','Lonergan','1972-06-09','046 Elka Lane'),(49121410,'Ezmeralda','Howlett','1975-06-01','7 Del Sol Drive'),(49163556,'Dara','Clemens','1998-11-06','851 Sundown Avenue'),(49255290,'Daile','Strangwood','1998-04-28','798 Golden Leaf Lane'),(49256986,'Mufi','Lote','1975-01-14','15 Petterle Avenue'),(49443764,'Penni','Tinline','1999-07-03','9 Oxford Parkway'),(49462611,'Janenna','Oxborough','1991-09-01','94401 Summit Hill'),(49614706,'Elfreda','Gosnold','1991-05-01','24 Melody Court'),(49757161,'Tawnya','Siverns','1965-01-02','39 Northridge Circle'),(49794143,'Nadiya','Pietz','1986-11-10','521 Farmco Court'),(49854929,'Frances','Froom','1964-06-17','05 School Terrace'),(49898633,'Willy','Swate','1966-08-04','7 Springview Crossing'),(49978873,'Sascha','Riddlesden','1963-10-03','2 Ruskin Court'),(50133460,'Violette','Bortolussi','1970-01-02','49461 7th Way'),(50291822,'Nanny','Burdytt','1989-06-06','6 Holmberg Center'),(50307314,'Arlinda','Mussetti','1964-01-25','52 Almo Parkway'),(50343371,'Catherina','Duplock','1982-10-18','4 Warbler Park'),(50457274,'Sonja','Borton','2000-03-22','3 Petterle Center'),(50484141,'Charmain','Bardey','1996-11-21','523 Ruskin Drive'),(50504175,'Emmye','Daingerfield','1993-01-27','0873 Farmco Park'),(50530338,'Elie','Mingay','1961-12-08','9 Hayes Drive'),(50549457,'Laverna','Brittle','1983-05-04','3 Cardinal Lane'),(50608854,'Sydelle','MacPaike','1987-10-05','8758 Fieldstone Junction'),(50690316,'Rosette','Matuszynski','1972-09-12','8 Thompson Hill'),(50796819,'Aleda','Lightfoot','2000-04-21','93951 Shoshone Crossing'),(50837429,'Lanie','Weond','1964-07-22','53 Meadow Vale Parkway'),(51056285,'Mollee','Kersaw','1968-09-10','3375 Corry Place'),(51168360,'Sascha','Laffan','2000-04-19','1998 Hollow Ridge Point'),(51304618,'Betteann','Mack','1995-02-19','13 Carberry Place'),(51421853,'Lilllie','Bumphrey','1990-08-24','96894 Little Fleur Court'),(51463787,'Yoshiko','Byham','1965-04-16','3939 Straubel Street'),(51505199,'Kalina','Sanney','1996-08-13','386 Tomscot Alley'),(51598433,'Xenia','Wasselin','1976-06-25','877 Porter Trail'),(51713443,'Magda','Eskrick','1978-05-06','7 Old Shore Terrace'),(51887725,'Fanchon','Odo','1965-04-14','594 Lindbergh Center'),(52034002,'Leesa','Blackater','1973-07-05','1 Grasskamp Plaza'),(52120739,'Ardeen','Dafforne','1965-02-13','54530 Blaine Way'),(52123106,'Flo','Poskitt','1965-10-19','34 Calypso Terrace'),(52155100,'Mirabelle','Pifford','1995-03-08','755 Express Alley'),(52411459,'Greta','Knowlton','1964-07-06','3596 Jay Court'),(52603473,'Brit','O\'Kenny','1965-02-20','0186 Del Sol Alley'),(52622948,'Jojo','Shemmin','1969-04-24','2 Dunning Terrace'),(52840276,'Roxine','Denyer','1996-11-04','70 Morningstar Way'),(52935491,'Vera','Kindleside','1989-10-29','65 Shasta Park'),(52936393,'Glennie','Learmond','1982-01-11','0382 Prentice Way'),(53016966,'Isadora','Roocroft','1977-01-06','963 Heath Place'),(53074510,'Dianna','Estcot','1989-05-12','0468 Bartelt Junction'),(53196880,'Devonne','Giggie','1997-08-20','049 Crest Line Avenue'),(53255233,'Caroljean','Fallowfield','1988-04-27','51 Loftsgordon Park'),(53379456,'Brier','Verlinden','1978-06-28','20 Fisk Point'),(53529662,'Crin','Ingre','1989-01-23','7 Blue Bill Park Circle'),(53543343,'Cayla','Danat','1971-04-18','5917 Veith Avenue'),(53588336,'Claudia','Arpin','1995-09-25','5693 Moulton Crossing'),(53610951,'Andrei','Dod','1994-06-29','66 Drewry Pass'),(53689401,'Arlana','McLise','1978-07-06','52 Dwight Trail'),(53857896,'Veradis','Gilliatt','1983-08-13','66 Tennessee Terrace'),(53975470,'Roselin','Coite','2000-05-14','1966 Union Drive'),(54008294,'Tiffie','Browse','1977-07-21','5221 Springs Way'),(54099194,'Gwendolyn','Wressell','1968-02-26','262 Ronald Regan Parkway'),(54111116,'Kristal','Heavy','1984-05-03','00659 Stang Crossing'),(54188795,'Elisha','Silveston','1969-06-06','29455 Del Mar Pass'),(54295880,'Leela','Ruxton','1990-10-10','8 Tony Crossing'),(54551353,'Hesther','Ferras','1971-12-14','6 Shopko Terrace'),(54594845,'Kizzee','Aubrun','1984-10-12','68301 3rd Crossing'),(54734422,'Halette','Noweak','1976-01-17','8 Corscot Crossing'),(54817598,'Zonda','Tulley','1977-11-16','5089 Northview Road'),(54908152,'Beatrisa','Clissett','1996-03-05','0 Esker Park'),(54949447,'Catha','O\'Hartigan','1997-10-12','27 Morning Lane'),(55039830,'Jocelyne','Beachem','1996-04-08','1805 Farmco Way'),(55108594,'Cathee','Broyd','1977-07-08','699 Golf Course Park'),(55149713,'Ulrike','Mansuer','1995-06-02','818 Eagan Street'),(55298196,'Tonya','Hatley','1987-12-30','86531 Crowley Point'),(55485652,'Kissee','Scarsbrook','1986-08-29','5380 Rusk Plaza'),(55657512,'Selena','Basden','1978-01-08','2607 Pierstorff Parkway'),(56002509,'Sadye','Boyington','1965-08-14','747 Schmedeman Crossing'),(56078296,'Angele','Jarret','1988-02-18','6 Browning Terrace'),(56108539,'Sibella','Yurivtsev','1995-12-14','922 Sheridan Pass'),(56294344,'Philly','Rivard','1971-01-09','905 Acker Drive'),(56452754,'Erin','Howieson','1969-11-07','5 Mesta Way'),(56606925,'Cherin','Achurch','1974-02-02','2174 Dapin Point'),(56657669,'Valli','Britney','1974-02-24','1733 Cherokee Place'),(56671088,'Maddie','McNalley','1973-03-13','665 Derek Avenue'),(56684579,'Cristabel','Yes','1971-12-11','955 Mcbride Trail'),(56928503,'Jenn','Bordes','1982-02-15','0281 Hovde Road'),(56946195,'Ronna','Kier','1997-04-30','819 Kedzie Point'),(56974117,'Ellene','Arkle','1967-01-22','72243 Reindahl Park'),(56974969,'Danyelle','Harwell','1994-10-01','41 Knutson Crossing'),(57023829,'Kissie','Jedrys','1996-11-26','35 Grayhawk Avenue'),(57152891,'Ranna','Gommey','1987-04-14','5877 Hooker Crossing'),(57171328,'Tate','Fyfe','1997-12-30','6 Becker Trail'),(57174061,'Van','Dannehl','1991-05-11','418 Monument Hill'),(57182321,'Ofilia','Dureden','1996-02-23','71974 Lerdahl Street'),(57341576,'Collen','Southerden','1975-04-16','89799 Hovde Park'),(57438956,'Marcie','Weatherhogg','1980-08-30','80 Buell Point'),(57513815,'Laure','Lamshead','1978-07-09','94 Pankratz Terrace'),(57583748,'Melva','Whorlow','1961-09-08','13 Westerfield Terrace'),(57694508,'Sarette','Pirrie','1962-12-04','65 Northport Pass'),(57726662,'Katharine','Matoshin','1964-05-23','4475 Dovetail Drive'),(57796057,'Corissa','Murcott','1994-11-23','78812 Mockingbird Terrace'),(57843615,'Cammy','Yair','1982-03-18','5368 Maywood Drive'),(57863100,'Marilee','Proffitt','1981-07-04','67 Eastlawn Pass'),(58083338,'Cecile','Rawlins','1995-02-07','6 Coolidge Parkway'),(58194203,'Hendrika','Fellgatt','1962-05-14','91 Northport Circle'),(58347966,'Gerta','Snedden','1987-02-27','64019 Hoffman Avenue'),(58602101,'Karia','Dmitrienko','1965-11-20','18 Vermont Pass'),(58613631,'Nike','Wolfendell','1999-09-08','26 Graceland Park'),(58701907,'Oriana','Faley','1982-11-28','0457 Vernon Street'),(58704111,'Chandra','Atmore','1978-04-08','03 Hallows Center'),(58838500,'Nadia','Pettegree','1965-07-22','74243 Packers Center'),(58841128,'Evvy','Kiddy','1974-03-12','4777 Straubel Lane'),(58954508,'Wilhelmina','Braithwaite','1981-08-15','41 3rd Pass'),(58955944,'Briana','Winchcombe','1969-05-30','3446 Coleman Terrace'),(58989867,'Audie','Botwright','1989-12-07','8287 Thierer Alley'),(59160720,'Desirae','Comolli','1973-07-13','3541 Hoepker Place'),(59168257,'Emmalynne','Finan','1970-05-07','82081 Fuller Terrace'),(59419467,'Carree','Sarvar','1970-01-12','47 Doe Crossing Center'),(59517757,'Sisile','Tift','1961-06-19','662 Merchant Parkway'),(59557358,'Mia','Pagett','1987-10-05','36 Sloan Road'),(59902220,'Luciana','Walbrun','1962-02-09','60 Northview Trail'),(60046032,'Charity','Baal','1973-04-05','8 Memorial Park'),(60091982,'Madelon','Gun','1961-05-16','9252 Petterle Point'),(60446079,'Gabrila','Geroldini','1984-07-08','090 Sachs Way'),(60460964,'Zandra','MacKellen','2000-06-21','06 Golf Crossing'),(60464250,'Doretta','Wicks','1986-08-02','58534 Packers Way'),(60532855,'Cammi','Eliassen','1999-03-29','88071 Pond Avenue'),(60596662,'Marrilee','Jehaes','1983-08-14','5477 Quincy Drive'),(60696955,'Phillis','Paulet','1982-01-29','80516 Lunder Place'),(60863387,'Teressa','Faherty','1996-06-06','428 Melvin Alley'),(60920499,'Em','Grzegorecki','1977-10-30','15092 Superior Way'),(61020122,'Julianne','Gwilym','1998-01-22','13289 Valley Edge Trail'),(61152503,'Celestia','McBryde','1979-01-19','513 Transport Terrace'),(61191031,'Tansy','Suff','1964-03-13','47 Summit Trail'),(61232480,'Gates','Hallett','1997-09-07','6 Portage Street'),(61277281,'Shir','McQuaker','1979-08-29','24168 Bunker Hill Street'),(61399239,'Sadie','Peggs','1977-03-17','71983 Darwin Drive'),(61635992,'Corissa','Matuskiewicz','1970-02-08','612 Kipling Center'),(61636906,'Cammie','Leather','1999-04-02','08 Golden Leaf Road'),(61639796,'Fedora','Snailham','1965-03-25','130 New Castle Road'),(61716606,'Delinda','Weldrake','1967-09-24','31 Oriole Center'),(61907454,'Sherill','Wissbey','1990-12-24','8 New Castle Trail'),(61918572,'Catlee','Maxworthy','1965-11-23','2 Eliot Pass'),(62066413,'Meggi','Bramer','2000-08-26','83 Warrior Circle'),(62318552,'Desiri','Shiliton','1973-07-25','1 Jay Center'),(62323918,'Donetta','McLeese','1993-06-07','167 Portage Court'),(62422952,'Constantia','Birkenshaw','1987-03-03','21823 Hovde Road'),(62426125,'Blanca','Eustanch','1981-05-04','59173 Homewood Drive'),(62446401,'Merrill','Stilgo','1997-01-12','1033 Claremont Place'),(62568114,'Nanice','Blenkinsopp','1966-12-12','117 Dahle Junction'),(62614786,'Elyssa','Scudamore','1975-05-11','89 American Ash Trail'),(62763598,'Keeley','Buggs','1999-06-04','455 Melby Drive'),(62892336,'Haleigh','Burcombe','1989-10-13','62776 Melrose Street'),(63110653,'Corena','Loxdale','1978-08-07','842 Hudson Pass'),(63220893,'Jackelyn','Grassett','1991-09-18','04 Ohio Lane'),(63315498,'Harrie','Sproul','1976-05-30','1 Schurz Park'),(63493999,'Lorrie','Firminger','1996-04-30','582 Ridge Oak Avenue'),(63841990,'Ailis','Hourihane','1988-03-26','321 Erie Junction'),(63919940,'Lorain','Crevagh','1998-12-05','25 Grayhawk Way'),(64024949,'Kimmi','Frarey','1981-01-25','33 Bowman Park'),(64268832,'Clem','Vidgeon','1981-12-11','2 Riverside Trail'),(64572955,'Izabel','MacIlory','1968-03-25','0 Shelley Trail'),(64601942,'Hedda','Liccardi','1977-10-31','69 Goodland Crossing'),(64851002,'Gabbi','Vasse','1972-11-07','2 Jenna Drive'),(64939289,'Lilith','Itzcovichch','1991-11-26','2 Park Meadow Terrace'),(65053839,'Katusha','Luard','1975-04-06','2107 Banding Lane'),(65098635,'Goldi','Wickersley','1977-03-03','31 Caliangt Alley'),(65237898,'Mamie','Paolacci','1994-12-22','82002 Eastlawn Street'),(65271009,'Corly','Grindell','1975-04-05','8529 Upham Drive'),(65342095,'Aryn','Nestle','1999-06-05','199 Evergreen Parkway'),(65356951,'Jolene','Pallatina','1998-08-31','065 Browning Park'),(65519443,'Fina','Mapston','1996-11-29','6927 Ohio Junction'),(65677711,'Lilith','Mowbray','1984-07-07','778 Crescent Oaks Crossing'),(65800716,'Charo','Henkens','1979-02-28','25 Sommers Trail'),(65913472,'Mab','Lucock','1982-04-08','6 Washington Avenue'),(65945126,'Starla','Montez','1969-07-06','4269 Utah Parkway'),(65968800,'Beatrisa','Pratley','1981-07-28','5488 East Junction'),(66072559,'Kristina','Pideon','1983-03-11','12 Rusk Crossing'),(66231535,'Riki','Darton','1988-11-26','694 Jackson Street'),(66268760,'Jolee','Colten','1961-09-19','3 Holmberg Park'),(66275488,'Tani','Gerler','1999-06-04','3 Warrior Alley'),(66327365,'Umeko','Andrey','1997-08-26','963 Surrey Place'),(66333362,'Aubrey','Shave','1966-10-23','5 Harper Crossing'),(66413345,'Shelli','Twitchings','1971-12-09','09 Rowland Park'),(66415865,'Lynnea','Lowdes','1976-02-01','3 Erie Pass'),(66420348,'Lotta','Stoeckle','1965-01-24','0 Haas Place'),(66464166,'Winni','Dyble','1969-10-16','0 Talmadge Hill'),(66476864,'Brandi','Allot','1962-05-09','001 Starling Place'),(66532968,'Lane','Venneur','1984-06-18','8 Fallview Hill'),(66570427,'Rhoda','Piesing','1983-08-26','83 2nd Street'),(66751750,'Malanie','Medley','1992-05-18','7252 Clyde Gallagher Pass'),(66792248,'Kerry','Alkin','1966-05-09','76 Porter Hill'),(66801100,'Claude','Fryers','1985-01-14','5250 Grayhawk Circle'),(66818984,'Rivalee','Diplock','1971-07-26','53 Mendota Lane'),(66836863,'Merrie','Rennick','1965-10-09','3 Farmco Pass'),(66848392,'Ramona','Vitte','1961-01-14','60 Roxbury Parkway'),(66948700,'Ronnica','Jessup','1993-09-13','6 Kingsford Hill'),(67091305,'Garnette','Dellatorre','1961-03-08','0 Anhalt Point'),(67384306,'Eleanora','Jude','1997-01-26','3439 Little Fleur Terrace'),(67418422,'Goldina','Wane','1972-03-27','693 Express Point'),(67520850,'Adel','Ions','1964-03-10','15 Canary Terrace'),(67609996,'Hilda','Ferries','1987-02-17','91770 3rd Way'),(67724574,'Carmel','Paulino','1981-01-14','38 Gulseth Park'),(67778976,'Fiann','Aucock','2000-09-24','239 Jana Plaza'),(67814816,'Lenee','Buxcy','1969-10-09','8 7th Crossing'),(67816472,'Rhetta','Layne','1966-06-01','0 Buhler Junction'),(68065525,'Elisabetta','Skeete','1987-03-03','46 Esker Junction'),(68079071,'Gabrila','Vize','1987-09-09','71 Florence Trail'),(68214838,'Silvie','Tees','1984-03-12','57 Marcy Point'),(68237899,'Keely','McCord','1984-09-06','3748 Mendota Way'),(68274383,'Maure','L\'oiseau','1988-03-10','8291 Hayes Way'),(68305708,'Idell','Perago','1987-12-04','39671 Cherokee Terrace'),(68920865,'Roxane','Prosek','1985-04-14','68 Maple Wood Park'),(68962252,'Rebe','Hawyes','1997-10-09','99 Blackbird Street'),(68984384,'Missie','Kringe','1962-06-01','5180 Di Loreto Court'),(68986729,'Harrietta','Stiger','1985-07-02','764 Wayridge Street'),(69017412,'Leone','Wilmut','1961-06-21','8 5th Road'),(69044467,'Roxie','Ades','1963-06-16','36 Kropf Court'),(69047110,'Mandi','McPolin','1966-05-08','43 Dunning Lane'),(69091911,'Ajay','Checcuzzi','1988-01-27','3870 Norway Maple Circle'),(69139618,'Lizette','Gook','1973-07-11','337 Victoria Place'),(69351951,'Donnajean','Bawden','1983-02-24','5 Clemons Drive'),(69463907,'Meade','Kennagh','1965-07-19','6 Oak Valley Junction'),(69538579,'Revkah','Slingsby','1992-03-04','42 Granby Lane'),(69570032,'Carmella','Ayres','1998-05-23','47 Orin Pass'),(69606344,'Dodie','McCloch','1988-12-30','8781 Crownhardt Alley'),(69640959,'Amara','Jaggli','1996-09-10','51 Claremont Plaza'),(69654715,'Amara','Couche','1981-11-23','69306 Lerdahl Drive'),(69669749,'Josephina','Clara','1971-02-28','19786 Steensland Avenue'),(69738305,'Lexine','Popescu','1982-05-20','131 Elgar Terrace'),(69740506,'Mikaela','Redholls','1970-11-23','746 Cottonwood Court'),(69748454,'Afton','Stanger','1988-04-20','54 Fairview Trail'),(69871220,'Cinda','Mallan','1985-09-18','646 Drewry Junction'),(69886561,'Claire','Sinisbury','1982-02-13','68749 Kennedy Drive'),(69935038,'Cicely','Gault','1994-09-25','289 Morning Pass'),(69970271,'Alejandrina','Whotton','1992-09-18','512 Little Fleur Court'),(70137283,'Millisent','Blazynski','1991-08-21','1 Walton Hill'),(70236640,'Ethelda','Bromehed','1960-12-29','7874 Lunder Way'),(70241728,'Alina','Toffanelli','1977-02-04','35 Bayside Street'),(70241805,'Lise','McIlhone','1964-01-11','69698 Toban Junction'),(70359404,'Kelcey','Bruce','1992-03-20','71545 Ilene Place'),(70406958,'Sofia','Klug','1991-11-20','087 Glacier Hill Lane'),(70495352,'Janith','Figg','1979-09-05','7294 Brickson Park Court'),(70523265,'Athena','Stewartson','1986-01-21','40 South Trail'),(70555942,'Mariya','Tasch','1987-05-20','5 Tony Point'),(70675280,'Hermia','Trays','1967-12-07','96952 Algoma Point'),(70872355,'Berry','Vasyukhin','1981-12-02','9193 Gale Junction'),(70908155,'Audi','Calender','1971-07-03','54 Sutteridge Trail'),(70923248,'Kellie','Tetley','1976-09-01','53 Bartillon Circle'),(71008141,'Jodi','Ardling','1989-05-09','112 Lake View Court'),(71182867,'Mufi','Joseff','1998-05-09','26 Acker Parkway'),(71228761,'Elvira','Stave','1963-04-16','721 Huxley Circle'),(71291476,'Charo','Wyman','1977-06-15','1499 Canary Alley'),(71470822,'Lela','Carn','1971-01-25','2 Anniversary Trail'),(71484308,'Merle','MacEvilly','1973-11-07','4 Lyons Hill'),(71506710,'Christian','Clilverd','1967-05-10','36151 Claremont Terrace'),(71608242,'Kary','Fakeley','1964-05-19','16 Calypso Lane'),(71689496,'Xylia','de Bullion','1990-09-29','458 Gulseth Alley'),(71749402,'Austin','Dods','1970-12-02','273 Knutson Place'),(71850502,'Vikki','Longworth','1982-07-29','601 Shopko Junction'),(71972532,'Jermaine','Stavers','1981-04-28','93 Tennessee Trail'),(72247991,'Lyssa','Shafto','1987-04-10','7 Pleasure Road'),(72262956,'Tobye','Damiata','1986-06-21','764 Miller Trail'),(72293934,'Yolanthe','Raybould','1997-06-23','87 Colorado Way'),(72312440,'Zaneta','MacSharry','1970-07-11','9456 Anzinger Pass'),(72366656,'Viola','Tolliday','1997-06-01','657 Wayridge Place'),(72555070,'Ekaterina','Daniello','1975-06-02','2 Nova Road'),(72781908,'Doti','Malzard','1984-07-19','56 Merrick Plaza'),(72787748,'Zorine','Gromley','1965-06-29','765 High Crossing Way'),(72932557,'Silvana','Lowre','1994-08-22','229 Nelson Way'),(73246984,'Nedi','Folonin','1966-12-29','236 Burrows Plaza'),(73309065,'Sibeal','Galler','1964-02-20','825 Anzinger Lane'),(73549881,'Charisse','Gillan','1996-05-20','29214 Granby Circle'),(73571175,'Bill','Morfey','1975-05-05','48834 Goodland Point'),(73573945,'Katti','Mottershaw','1996-02-19','6380 Crest Line Terrace'),(73589349,'Phylys','O\'Sherrin','1982-01-13','22 Onsgard Parkway'),(73617011,'Gavra','Hardaway','1990-07-08','6595 Cardinal Junction'),(73767698,'Rea','Slopier','1994-11-11','84515 Monica Drive'),(73942339,'Christine','Balaam','1978-09-13','0 Fieldstone Lane'),(74273910,'Danni','Boord','1984-03-17','1819 Logan Circle'),(74313668,'Pegeen','Tripp','1981-10-08','8 Jenifer Junction'),(74590996,'Gunilla','Kesteven','1982-09-13','0951 Morrow Point'),(74619326,'Cindra','Rotge','1978-06-17','41 Nelson Way'),(74784477,'Quintina','Carroll','1996-06-21','5 Rutledge Street'),(74791808,'Michaelina','Gayton','1974-12-12','611 Pine View Crossing'),(74839300,'Magdalen','Doiley','1989-12-03','560 Mcguire Trail'),(74952298,'Janith','Garrett','1999-01-13','7 Northport Trail'),(74990559,'Tanhya','McLeese','1962-09-01','0211 Judy Pass'),(75058484,'Jolie','Wyse','1961-09-07','2 Cottonwood Avenue'),(75126655,'Tara','McLean','1999-11-07','657 Charing Cross Hill'),(75244733,'Libbie','Abramsky','1969-10-04','4 Blaine Road'),(75365872,'Cherise','Maharey','1963-01-26','84057 Graceland Circle'),(75485214,'Katalin','Goude','1980-08-28','69 Huxley Terrace'),(75486122,'Karee','Walch','1965-04-07','2 Hoard Crossing'),(75846178,'Cherey','Arthey','1976-07-01','96915 Myrtle Junction'),(76011972,'Hatti','Heighton','1993-05-30','707 Lawn Center'),(76480812,'Rozanna','Buncher','1975-02-02','657 Forster Center'),(76542842,'Caye','MacMarcuis','1980-10-18','645 Old Shore Junction'),(76594752,'Drucie','O\'Kielt','1970-01-09','60686 Mcguire Parkway'),(76707561,'Ilse','Kyles','1985-04-20','4332 Erie Center'),(76747801,'Nikkie','Connerly','1984-03-07','7 Towne Parkway'),(76772184,'Ariadne','Billington','1985-11-21','6366 Spohn Way'),(76828824,'Christalle','Teape','1992-08-21','516 Debs Avenue'),(76829536,'Liva','Albury','1976-07-14','7471 Schmedeman Parkway'),(76952635,'Niki','Stayte','1977-10-04','24864 Blackbird Point'),(77109929,'Chantalle','Kibblewhite','1969-01-16','2374 Eagan Road'),(77142405,'Norri','Harses','1989-11-19','21 Pepper Wood Terrace'),(77267823,'Latrina','Huckle','1981-06-24','81468 Namekagon Park'),(77275217,'Arline','California','1979-05-25','49 South Court'),(77432324,'Remy','Merrell','1983-12-23','15 Schiller Circle'),(77453025,'Blancha','Hulett','1972-08-02','70 Kropf Center'),(77621115,'Alecia','Sprakes','1988-10-24','8169 Susan Court'),(77757960,'Harley','Hamill','1986-04-08','5113 Utah Way'),(77941540,'Traci','Apple','1968-12-17','84 Melrose Plaza'),(77945043,'Agretha','Ogelbe','1966-12-28','87 Walton Way'),(77978513,'Anestassia','Concklin','1964-09-27','71100 Namekagon Junction'),(78021731,'L;urette','Redhouse','1990-10-21','05535 Pepper Wood Point'),(78040506,'Agata','Halladay','1987-02-24','54390 Pierstorff Trail'),(78181637,'Catha','McCambrois','1993-09-25','951 Center Alley'),(78401428,'Dacy','Laurand','1985-08-04','2 Warbler Terrace'),(78504419,'Essy','Braunroth','1984-01-22','2518 5th Plaza'),(78600875,'Sashenka','Bithany','1997-05-11','0 Lukken Way'),(78601236,'Mavis','Gerckens','1998-06-21','045 Emmet Point'),(78607099,'Lucita','Jiricka','1990-09-25','0347 2nd Lane'),(78700438,'Selene','Reeds','1992-12-15','5 Summer Ridge Street'),(78828233,'Kassie','Redrup','1976-11-20','6 Raven Terrace'),(78868103,'Tresa','Figures','1967-10-09','51999 Corscot Pass'),(78907293,'Jacenta','Whieldon','1988-12-12','6 Anzinger Lane'),(78917665,'Isabel','Duffer','2000-03-08','7140 Nancy Hill'),(78954633,'Cherrita','Barsham','1995-09-21','9601 Erie Point'),(79007377,'Cheri','Caddies','1998-12-16','66529 Bashford Avenue'),(79066682,'Ali','Gagg','1999-04-16','5742 Mitchell Parkway'),(79123004,'Nessie','Lenthall','1986-05-24','3 Florence Terrace'),(79136540,'Sherye','Nealand','1990-04-05','1223 Morning Place'),(79270772,'Marylee','Grice','2000-04-23','46 Parkside Terrace'),(79282325,'Min','Grigoire','1987-11-17','40492 Muir Pass'),(79593970,'Deborah','Palliser','1977-05-03','41 Dixon Circle'),(79673077,'Maud','Finneran','1962-05-14','1 Oak Valley Point'),(79764527,'Kath','Le Grand','1983-01-27','552 Mifflin Court'),(79946726,'Coriss','Nicolls','1969-01-11','373 Moose Crossing'),(79989176,'Nora','Livett','1978-10-18','3095 5th Circle'),(80202216,'Guenna','Wisson','1979-04-24','7361 American Lane'),(80218486,'Ardella','Boorne','1983-05-13','6 Bultman Drive'),(80349421,'Storm','Fernyhough','1969-05-05','26901 Talisman Alley'),(80373182,'Georgia','Covington','1999-12-15','21588 Iowa Trail'),(80442930,'Kippie','Jurges','1980-11-21','06313 Mockingbird Center'),(80520482,'Yetty','Kemer','1992-07-18','90 Merry Parkway'),(80611750,'Blanch','Jindra','1991-02-26','6152 Fisk Road'),(80646446,'Miguela','Gorsse','1991-04-23','17733 3rd Crossing'),(80707998,'Irma','Water','1967-11-14','425 Susan Court'),(80815854,'Mariska','Haggata','1999-11-15','61 Superior Park'),(80956417,'Anthia','Skypp','1966-04-28','95377 Luster Park'),(80982653,'Ainslie','Dillingston','1964-03-27','38 Carpenter Way'),(81044391,'Elsa','Kuban','1992-09-23','858 Myrtle Avenue'),(81056962,'Jasmina','Gosnay','1989-07-06','2 Summit Crossing'),(81128352,'Marita','Gilroy','1979-06-03','6 Forest Center'),(81192549,'Clementine','Paylor','1961-06-15','314 Lindbergh Avenue'),(81324328,'Anjanette','Mallabund','1985-04-18','187 Eliot Parkway'),(81406620,'Colette','Netting','1984-12-19','5083 Bobwhite Terrace'),(81459628,'Lib','Hillyatt','1979-09-25','05098 Vermont Circle'),(81500514,'Ericka','Hindenburg','1980-05-01','039 Chinook Crossing'),(81552448,'Viviyan','Polye','1967-09-25','62 Sherman Plaza'),(81610582,'Bert','Blackney','1977-07-15','7332 Hoard Plaza'),(81668358,'Binny','Gallagher','1970-07-29','74 Sage Avenue'),(82148709,'Jilleen','Strathern','1963-02-22','30110 Vahlen Hill'),(82155089,'Gabriella','Polkinhorn','1991-09-11','1 Mockingbird Center'),(82162419,'Berty','Pitcher','1971-03-04','6 Birchwood Road'),(82403214,'Kaela','Scroyton','1964-04-17','20253 Moulton Drive'),(82553117,'Rubie','Bonnette','1987-01-15','83341 Sycamore Circle'),(82554662,'Xylina','Morando','1978-10-28','0 Dovetail Plaza'),(82756613,'Hannah','Sambles','1981-03-15','2 Bay Pass'),(82799679,'Karol','Asprey','1979-05-02','3551 Mockingbird Place'),(82987660,'Corenda','Eicheler','2000-10-10','46953 Monterey Court'),(83143724,'Melony','Prenty','1980-02-21','2525 Clarendon Parkway'),(83252335,'Reiko','Coots','1966-04-21','5459 Hanover Street'),(83331478,'Karylin','Ligertwood','1961-12-18','15 Dexter Drive'),(83395343,'Debby','Soda','1988-02-21','86574 Sage Drive'),(83622519,'Tisha','Sherred','1991-07-18','3 2nd Court'),(83629105,'Ana','Fassum','1995-06-24','32 Reindahl Point'),(83673410,'Adriena','Brann','1981-12-01','6 Shopko Street'),(83830440,'Kissee','Echallie','1983-10-30','44234 Hintze Crossing'),(83878386,'Salomi','Pinilla','1980-05-15','94 Sycamore Avenue'),(84110915,'May','Loughlan','1993-09-01','233 Truax Way'),(84228137,'Cyndie','Quest','1974-11-23','30263 Lake View Hill'),(84355167,'Sisile','Passingham','1971-02-03','564 Towne Court'),(84383180,'Jade','Moger','1967-01-10','5 Utah Street'),(84618621,'Chrystel','Keggins','1993-05-02','706 North Terrace'),(84643124,'Jenny','Maryott','1963-08-25','099 Ronald Regan Point'),(84663997,'Danita','Maxwale','1965-02-16','39628 Commercial Point'),(84706809,'Karen','Castilljo','1981-05-02','7905 Continental Plaza'),(84939416,'Lorraine','Leil','1970-06-26','8 Waxwing Avenue'),(84974534,'Philis','Fleming','1989-11-11','60 Forster Circle'),(85005190,'Henrie','Oiseau','1970-10-06','6 Sycamore Alley'),(85232496,'Estel','Kolodziejski','1999-12-16','8 Stone Corner Alley'),(85258064,'Hettie','Bayman','1983-08-31','09687 Brentwood Terrace'),(85284266,'Hedwiga','Betteney','1990-01-21','3843 Tomscot Terrace'),(85444313,'Corina','Zarfai','1962-07-23','34 Dexter Court'),(85542666,'Marcellina','Van der Son','2000-07-10','69084 Meadow Ridge Center'),(85661791,'Rebbecca','Rudham','1981-09-04','435 Tennessee Alley'),(85853520,'Merrily','Baude','1999-08-16','6023 Washington Drive'),(85883445,'Jennifer','Pummery','1988-11-25','8 Fremont Place'),(85977137,'Erinn','Wibrow','1969-11-26','0 Harper Terrace'),(86101806,'Tomi','MacMorland','1991-09-15','129 Sherman Avenue'),(86312055,'Sibby','Sailor','1967-08-18','28983 Shasta Place'),(86495228,'Edith','Claxton','1973-12-05','0441 Corry Court'),(86652504,'Dacia','Tunno','1982-03-14','801 Utah Center'),(86678090,'Angy','Wall','1963-03-10','26513 Lakeland Terrace'),(86681964,'Lari','Perrottet','1974-03-05','093 Lakewood Gardens Alley'),(86739672,'Danielle','O\'Currine','1978-01-31','7 Bluestem Plaza'),(86779514,'Ines','Van den Velde','1974-05-02','07 Declaration Drive'),(86780505,'Pia','Parlet','1988-04-25','0 Arkansas Center'),(86841627,'Mariam','Saladine','1968-08-14','9 Fuller Plaza'),(86954348,'Morissa','Aloshechkin','1973-03-03','9 Sloan Trail'),(87025995,'Orella','Sympson','1962-04-06','6550 Mayer Way'),(87202464,'Bell','Dumbreck','1973-11-03','6 Grim Plaza'),(87369925,'Genovera','Budget','1964-08-08','5546 Glacier Hill Way'),(87627087,'Tonie','Paal','1990-04-14','926 Pepper Wood Court'),(87689945,'Samaria','Dyble','1992-01-20','47 Michigan Alley'),(87747890,'Jennie','Latham','1996-09-25','99 Reindahl Alley'),(87763592,'Dora','Fanning','1985-12-16','26 Larry Way'),(87825115,'Oralie','Kinnon','1977-07-21','196 Kim Junction'),(87825588,'Ansley','O\'Lunney','1990-05-28','6561 Menomonie Point'),(87885503,'Vanna','Delacourt','1985-03-12','966 Gale Park'),(88162539,'Dana','Jakeman','2000-04-11','86 Michigan Lane'),(88270572,'Cherin','Poad','1994-12-06','335 Morrow Lane'),(88330187,'Vivi','Hebditch','1969-08-31','7 Lerdahl Drive'),(88534789,'Angelina','Whitmarsh','1996-04-28','8 Bultman Plaza'),(88594787,'Sandra','Cobley','1962-06-13','72689 Bultman Park'),(88995036,'Karna','Defont','2000-08-20','902 Pepper Wood Circle'),(89058440,'Adda','Morrill','1985-06-17','2276 Bay Circle'),(89140620,'Johanna','Devany','1995-04-18','246 Lighthouse Bay Circle'),(89162081,'Roby','McFfaden','1974-12-05','55154 Memorial Alley'),(89168656,'Corissa','Dearnley','1997-09-09','6646 Arkansas Lane'),(89198143,'Eulalie','Snaddon','1965-09-24','35 Ilene Road'),(89284431,'Eddi','Matteuzzi','1975-09-16','0877 Dennis Hill'),(89322266,'Corey','Shama','1984-05-26','005 Anhalt Parkway'),(89378134,'Leta','Dorrance','1974-09-16','46 Colorado Hill'),(89401781,'Stevena','Faragan','1995-03-26','74 Fordem Pass'),(89402765,'Dennie','Riggott','1975-01-07','37 Oak Valley Crossing'),(89487331,'Kaylyn','Mucklow','1966-11-11','782 Hanover Parkway'),(89996292,'Helsa','Nestor','1998-07-23','4 Hoffman Lane'),(90170724,'Stefa','Figg','1982-02-19','12056 Sheridan Circle'),(90276665,'Robby','McCrae','1987-12-30','6 Hagan Way'),(90300312,'Berrie','Yell','1974-09-07','27 Schurz Pass'),(90399064,'Saba','Creaser','1986-03-07','778 Rusk Alley'),(90534989,'Kellie','Leon','1995-11-11','3 Melrose Avenue'),(90550949,'Cherrita','Garrud','1996-01-10','374 Susan Avenue'),(90671180,'Nicolea','Hibling','1967-06-25','83 Summerview Circle'),(90783592,'Revkah','Cullotey','1966-12-10','40 Acker Park'),(91023982,'Joella','Canete','1962-04-04','822 3rd Circle'),(91052828,'Melinde','Bailles','1997-05-19','6059 Brickson Park Junction'),(91057559,'Emelita','Elsworth','1971-07-27','91 Northridge Lane'),(91059416,'Lil','Bour','1965-10-27','198 Butterfield Drive'),(91144391,'Renie','Kornyakov','1983-03-30','9 Kingsford Terrace'),(91188104,'Maryjane','Johantges','1962-03-15','31263 Red Cloud Junction'),(91373298,'Alaine','Sirl','1991-09-27','32 Russell Drive'),(91399230,'Jenine','Luckcock','1986-03-05','4 New Castle Alley'),(91425809,'Marthena','Munnis','1985-02-11','203 Morningstar Center'),(91435289,'Jannelle','Yeardsley','1978-03-09','2323 Hollow Ridge Hill'),(91522680,'Davina','Camamile','1985-09-02','025 Evergreen Junction'),(91630058,'Dorolisa','Ellesmere','1981-10-30','296 Carberry Lane'),(91742060,'Yolane','Mingaud','1969-09-03','7976 Pierstorff Center'),(91779574,'Candis','Timby','1978-04-22','424 Helena Trail'),(91881856,'Brigitte','O\'Luney','1988-03-03','8701 Division Point'),(91934590,'Lizzie','Mates','1968-10-24','1 Utah Point'),(92020755,'Eva','Scarse','1971-07-30','66 Bluestem Court'),(92044919,'Irma','Hellen','1985-10-18','49294 Grasskamp Terrace'),(92159958,'Ynes','Ayrs','1996-11-20','5686 Mcbride Parkway'),(92362137,'Teresina','Bottomore','1973-05-29','41 Derek Plaza'),(92385686,'Karoly','Kohen','1968-12-16','0 Carey Circle'),(92406322,'Idalina','Altree','1979-01-13','6 Derek Lane'),(92411639,'Hilde','Bambury','1973-03-04','9 Spaight Hill'),(92560406,'Cati','Rosenstiel','1973-12-01','4625 Pearson Park'),(92581955,'Zsazsa','Podmore','1991-05-28','812 Fulton Avenue'),(92597181,'Shalne','Levane','1983-05-10','92 Hermina Road'),(92603717,'Michaella','Gaskin','1993-05-30','0 Commercial Avenue'),(92647329,'Susanetta','Beakes','1961-08-05','32 Milwaukee Point'),(92683413,'Imogen','Pringley','1978-06-14','265 Summit Crossing'),(92684591,'Arabella','Likely','1977-02-21','4 Holy Cross Terrace'),(92770469,'Eimile','Perkis','1969-06-04','7 Donald Center'),(92817966,'Judye','Bransgrove','1981-09-15','073 Eagan Parkway'),(92880925,'Gilemette','Swalwel','1992-10-13','774 Ridge Oak Street'),(92896214,'Binny','MacEllen','1987-09-26','2126 Summer Ridge Road'),(92955487,'Aeriel','Kielt','1974-03-30','2 Parkside Alley'),(93026577,'Tedi','Niese','1993-05-22','5 Dottie Point'),(93074022,'Milly','Lafranconi','1990-01-30','8 Grayhawk Terrace'),(93150705,'Micheline','Cloake','1996-02-10','39 Elmside Court'),(93168256,'Jennette','Brusin','1961-07-03','17 Old Shore Terrace'),(93395397,'Keslie','Ceaser','1978-04-14','1 Muir Park'),(93444254,'Kiersten','Boddice','1976-02-11','444 Lakewood Gardens Place'),(93460873,'Chandra','Divver','1989-07-17','3 Ruskin Center'),(93557913,'Jermaine','Karoly','1991-12-22','93266 Stone Corner Plaza'),(93843892,'Alicea','Rains','1973-09-18','9434 Oak Drive'),(93844721,'Angelica','Tyzack','1980-08-23','306 Vernon Trail'),(94133879,'Gussy','Welham','1973-05-03','96 Packers Way'),(94405995,'Marcie','Lobley','1973-12-23','0 Corry Trail'),(94420030,'Doralynne','Fison','1985-12-10','8 Melrose Lane'),(94560522,'Joeann','Theaker','1972-01-16','16 Leroy Point'),(94570383,'Reyna','Kill','1994-07-16','82 South Place'),(94595214,'Cornela','Petrishchev','1970-03-22','8 Emmet Road'),(94642322,'Zenia','Domerc','1972-09-01','3606 Westerfield Road'),(94686530,'Katharine','McDaid','1987-03-15','3599 Melby Street'),(94687141,'Ollie','Carbert','1995-03-18','35 Mccormick Junction'),(94696424,'Allyn','Casa','1999-07-26','615 Nancy Way'),(94754594,'Joanne','Jellis','1997-03-25','9812 Pennsylvania Trail'),(94832691,'Lesya','Scala','1996-10-03','1 Hudson Drive'),(94887540,'Emelia','Gilliam','1983-10-30','4 Lawn Plaza'),(94919040,'Flori','Tite','1972-11-13','9 Mcguire Avenue'),(95142039,'Reta','Risbie','1980-06-11','0 Jenna Trail'),(95142777,'Catlin','Crack','1995-12-14','2 Nevada Drive'),(95206407,'Kessia','Manneville','1984-05-30','95744 Trailsway Parkway'),(95387259,'Nikaniki','Mengo','1965-03-17','663 Marcy Drive'),(95450462,'Max','Aucourte','1961-12-06','14 Talisman Parkway'),(95615576,'Lonna','Spriggen','1997-07-02','026 Kropf Junction'),(95632286,'Starr','Tillard','1980-11-21','40 Valley Edge Court'),(95864052,'Rose','Wayman','1994-10-24','6 Independence Terrace'),(95968940,'Marji','Hedgecock','1983-07-06','9 Fremont Plaza'),(95973950,'Jilli','Ransom','1995-05-04','3 Vera Alley'),(95992677,'Yovonnda','O\'Cullen','1998-10-07','6982 Coolidge Terrace'),(95999158,'Leanor','Sturch','1973-02-25','66 Dovetail Circle'),(96054588,'Jaine','Dumper','1982-07-10','0 Cordelia Road'),(96346830,'Anett','Gillison','2000-06-21','92397 Grayhawk Place'),(96595378,'Dollie','Blaskett','1993-04-22','8 Aberg Crossing'),(96659095,'Marsiella','Manuello','1975-08-13','5412 Dwight Trail'),(96851652,'Florance','Durrell','1996-01-11','14531 Mitchell Road'),(96903025,'Rhonda','Wainscot','1992-07-11','9 Glacier Hill Pass'),(97026550,'Eirena','Holyard','1970-04-11','3523 Declaration Pass'),(97077286,'Marillin','Fullerd','1963-07-10','99935 Caliangt Terrace'),(97182025,'Eleanora','Barrett','1998-06-22','23602 American Ash Point'),(97214402,'Roslyn','Grenkov','1999-07-01','91 Kedzie Lane'),(97242757,'Atalanta','Joska','1974-06-06','53555 Quincy Center'),(97446449,'Tilly','Keddle','1982-08-18','8 Park Meadow Park'),(97468956,'Pat','Bulluck','1973-05-19','98380 Warner Crossing'),(97479539,'Eleonore','Clash','1968-06-03','6 Roth Circle'),(97638687,'Mariele','Keenlyside','1984-04-20','31 Mayfield Way'),(97651190,'Binni','Handrek','1980-01-01','41 Dryden Point'),(97683532,'Shay','Grattan','1967-07-23','301 Sunnyside Point'),(98054802,'Alanna','McCarrison','1961-06-15','74 Cordelia Avenue'),(98217261,'Catie','Stains','1994-03-21','74 Mayfield Alley'),(98256964,'Denni','Aingel','1991-07-27','62366 Di Loreto Pass'),(98298850,'Marijo','Revell','1983-09-22','9640 Corscot Way'),(98314971,'Maggi','Pourvoieur','1977-09-17','26 Dottie Lane'),(98327271,'Margy','Ocheltree','1998-08-17','57871 Carpenter Center'),(98373835,'Barry','Derycot','1962-01-27','0106 Jenna Center'),(98433056,'Marian','Myers','1994-05-06','27 Duke Pass'),(98623149,'Lona','Gurner','1971-06-02','47195 Dexter Terrace'),(98626068,'Adey','Midgely','1982-06-21','07138 Northwestern Alley'),(98669915,'Heloise','Doll','1967-11-15','43723 Jackson Junction'),(98701963,'Ginnie','Attreed','1995-07-20','9368 Center Alley'),(98732785,'Tarah','O\'Driscoll','1980-12-26','5821 Shasta Hill'),(98952340,'Ludovika','Slarke','1985-09-05','09877 Eagan Drive'),(98988283,'Malva','Lies','1991-07-18','7 Hagan Drive'),(99091724,'Mona','Durrington','1979-07-05','774 Glendale Drive'),(99187500,'Trudy','Covendon','1992-01-20','2379 Messerschmidt Alley'),(99282465,'Chris','Dunan','1997-03-17','2667 Spaight Terrace'),(99305340,'Latia','Herity','1967-09-19','12 Michigan Crossing'),(99308560,'Lauree','Dummigan','1992-03-18','71999 Florence Junction'),(99387374,'Gabriell','Tomson','1987-04-02','9 Shoshone Hill'),(99412018,'Casi','Bernadon','1987-03-31','70739 7th Way'),(99415807,'Vinni','Matthaus','1985-03-19','67860 Northview Way'),(99586514,'Keelia','Bailles','1981-04-26','3061 Carey Way'),(99660784,'Sherry','Edkins','1987-04-01','92628 Sommers Lane'),(99782616,'Kathryn','Darrigoe','1974-12-22','74 Oneill Terrace'),(99840301,'Clovis','Scotti','1992-11-06','5 Charing Cross Place'),(99881853,'Sydelle','Nanson','1998-09-11','866 Mallory Court'),(99957330,'Fern','Hows','1987-02-10','8293 Drewry Center');
/*!40000 ALTER TABLE `patients_table` ENABLE KEYS */;
UNLOCK TABLES;

--
-- Table structure for table `prescriptions_table`
--

DROP TABLE IF EXISTS `prescriptions_table`;
/*!40101 SET @saved_cs_client     = @@character_set_client */;
/*!50503 SET character_set_client = utf8mb4 */;
CREATE TABLE `prescriptions_table` (
  `reg_no` int NOT NULL,
  `med_id` int NOT NULL,
  `quantity` int NOT NULL,
  PRIMARY KEY (`reg_no`,`med_id`),
  KEY `med_id_idx` (`med_id`),
  CONSTRAINT `med_id` FOREIGN KEY (`med_id`) REFERENCES `medicines_table` (`med_id`) ON DELETE RESTRICT ON UPDATE RESTRICT,
  CONSTRAINT `reg_no` FOREIGN KEY (`reg_no`) REFERENCES `admissions_table` (`reg_no`) ON DELETE RESTRICT ON UPDATE RESTRICT
) ENGINE=InnoDB DEFAULT CHARSET=utf8mb4 COLLATE=utf8mb4_0900_ai_ci;
/*!40101 SET character_set_client = @saved_cs_client */;

--
-- Dumping data for table `prescriptions_table`
--

LOCK TABLES `prescriptions_table` WRITE;
/*!40000 ALTER TABLE `prescriptions_table` DISABLE KEYS */;
INSERT INTO `prescriptions_table` VALUES (1057439,1909,1),(1057767,1459,2),(1116928,1774,3),(1198680,1684,2),(1486392,1774,2),(1597022,1729,3),(1603063,1639,2),(1647655,1864,3),(1681683,1819,3),(1695907,1729,2),(1708077,1459,3),(1770764,1369,1),(1787617,1774,3),(1857698,1864,2),(1876658,1684,1),(1932740,1414,1),(1991799,1459,3),(2062438,1369,1),(2076552,1594,2),(2165062,1459,2),(2219254,1279,2),(2282763,1729,3),(2339167,1819,2),(2407971,1774,3),(2820110,1684,1),(3027625,1504,1),(3044214,1684,2),(3044214,1729,2),(3060406,1774,2),(3120272,1369,1),(3271554,1594,2),(3346193,1774,2),(3377173,1504,3),(3492569,1234,2),(3688904,1369,1),(3689547,1729,3),(3919093,1324,1),(3972047,1594,3),(4057380,1684,1),(4106658,1684,1),(4176304,1414,2),(4207452,1459,2),(4207452,1594,3),(4225328,1459,3),(4259065,1279,3),(4259065,1909,3),(4567395,1684,1),(4945369,1459,3),(5051464,1594,1),(5124410,1774,3),(5186379,1504,1),(5382193,1909,2),(5554629,1549,2),(5606786,1504,1),(5643749,1864,3),(5866516,1684,2),(5896424,1639,3),(5911794,1324,3),(5992417,1639,3),(6091143,1819,2),(6102910,1459,2),(6146686,1774,1),(6146686,1909,3),(6380025,1549,1),(6427920,1549,1),(6474042,1504,3),(6534784,1684,2),(6626204,1324,2),(6626204,1594,1),(6664966,1279,1),(6684058,1684,3),(6700124,1459,2),(6716328,1639,3),(6724914,1639,3),(6724914,1774,2),(6731796,1324,1),(6806661,1729,2),(6806661,1864,2),(6825581,1369,2),(6920547,1639,1),(6920547,1819,2),(6946506,1549,3),(7065036,1729,2),(7114615,1369,1),(7119793,1729,2),(7229151,1504,3),(7251742,1459,3),(7251742,1684,1),(7259893,1234,2),(7259893,1324,1),(7334393,1279,1),(7573308,1234,3),(7598668,1729,3),(7718784,1909,1),(8051427,1414,1),(8102793,1729,2),(8405848,1909,1),(8620322,1414,1),(8640225,1459,3),(8665407,1729,2),(8665407,1909,1),(8670215,1234,3),(8672401,1459,1),(8732468,1414,1),(8948252,1819,2),(8961525,1774,3),(9009445,1414,3),(9133715,1324,2),(9257760,1639,2),(9257760,1774,1),(9331628,1819,1),(9687251,1369,3),(9735702,1549,1),(9836760,1234,3),(9856743,1324,1),(9856743,1504,3),(9856743,1819,1),(9907519,1909,2),(9983623,1504,1);
/*!40000 ALTER TABLE `prescriptions_table` ENABLE KEYS */;
UNLOCK TABLES;

--
-- Table structure for table `ward_table`
--

DROP TABLE IF EXISTS `ward_table`;
/*!40101 SET @saved_cs_client     = @@character_set_client */;
/*!50503 SET character_set_client = utf8mb4 */;
CREATE TABLE `ward_table` (
  `ward_id` int NOT NULL,
  `ward_name` text NOT NULL,
  PRIMARY KEY (`ward_id`)
) ENGINE=InnoDB DEFAULT CHARSET=utf8mb4 COLLATE=utf8mb4_0900_ai_ci;
/*!40101 SET character_set_client = @saved_cs_client */;

--
-- Dumping data for table `ward_table`
--

LOCK TABLES `ward_table` WRITE;
/*!40000 ALTER TABLE `ward_table` DISABLE KEYS */;
INSERT INTO `ward_table` VALUES (1,'Pre-Natal'),(2,'Maternity');
/*!40000 ALTER TABLE `ward_table` ENABLE KEYS */;
UNLOCK TABLES;
/*!40103 SET TIME_ZONE=@OLD_TIME_ZONE */;

/*!40101 SET SQL_MODE=@OLD_SQL_MODE */;
/*!40014 SET FOREIGN_KEY_CHECKS=@OLD_FOREIGN_KEY_CHECKS */;
/*!40014 SET UNIQUE_CHECKS=@OLD_UNIQUE_CHECKS */;
/*!40101 SET CHARACTER_SET_CLIENT=@OLD_CHARACTER_SET_CLIENT */;
/*!40101 SET CHARACTER_SET_RESULTS=@OLD_CHARACTER_SET_RESULTS */;
/*!40101 SET COLLATION_CONNECTION=@OLD_COLLATION_CONNECTION */;
/*!40111 SET SQL_NOTES=@OLD_SQL_NOTES */;

-- Dump completed on 2021-12-22 10:35:19
